Type,Case Number,Intelligence Number,IR_Fraud Payment,Ground_Truth_Fraud Payment,Found in Source,Found in IR,IR_Can Be Located,Ground_Truth_Can Be Located,IR_Suspect Number,Ground Truth_Suspect Number,Source_Transaction Date (value),IR_Transaction Date (value),Ground_Truth_Transaction Date (value),Source_Originating Amount,IR_Originating Amount,Ground_Truth_Originating Amount,Source_Originating Currency,IR_Originating Currency,Ground_Truth_Originating Currency,Source_Originator Name,IR_Originator Name,Ground_Truth_Originator Name,Source_Originator Account Number,IR_Originator Account Number,Ground_Truth_Originator Account Number,Source_Originator Bank Raw,IR_Originator Bank Raw,Ground_Truth_Originator Bank Raw,Source_Beneficiary Name,IR_Beneficiary Name,Ground_Truth_Beneficiary Name,Source_Beneficiary Account Number,IR_Beneficiary Account Number,Ground_Truth_Beneficiary Account Number,Source_Beneficiary Bank Raw,IR_Beneficiary Bank Raw,Ground_Truth_Beneficiary Bank Raw,Source_Transaction Channel,IR_Transaction Channel,Ground_Truth_Transaction Channel,Remarks,Case Number_from_csv,Fraud Payment,Located,Transaction Date (value),Originating Amount,Originating Currency,Originator Name,Originator Account Number,Originator Bank Raw,Beneficiary Name,Beneficiary Account Number,Beneficiary Bank Raw,Transaction Type Source,Transaction Code Description,Fraud Payment_from_csv
HSBC Referral,1,1,1,,,TRUE,TRUE,,1,,,6/10/2024,,,"40,000.00",,,HKD,,,YEUNG KAI,,,666-66666-601,,,HSBC,,,CHAN,,,111-111111-101,,,HASE,,,null,,,1,1,TRUE,2024-10-06,40000,HKD,YEUNG KAI,666-66666-601,The Hongkong and Shanghai Banking Corporation Limited,CHAN TAI MAN,111-111111-101,Hang Seng Bank Ltd.,CUTF,UNRELATED ELECTRONIC     TRANSFER CREDIT,
UAR,2,1,1,,,TRUE,TRUE,,1,,,29/8/2024,,,"20,000.00",,,HKD,,,null,,,null,,,null,,,CHAN,,,111-111111-101,,,null,,,cash deposits via ATM,,,2,1,TRUE,2024-08-29,20000,HKD,null,null,null,MR       CHAN TAI MAN,111-111111-101,null,CCCS,ATM/CDM CASH CREDIT USINGACCOUNT INPUT,
UAR,2,1,2,,,TRUE,TRUE,,2,,,30/8/2024,,,"20,000.00",,,HKD,,,null,,,null,,,null,,,CHUNG,,,111-111111-102,,,null,,,cash deposits via ATM,,,2,2,TRUE,2024-08-30,20000,HKD,null,null,null,MR   CHUNG SIU,111-111111-102,null,CCCS,ATM/CDM CASH CREDIT USINGACCOUNT INPUT,
Police Letter,2,2,3,,,TRUE,TRUE,,2,,,28/8/2024,,,"50,000.00",,,HKD,,,null,,,null,,,null,,,CHUNG,,,111-111111-102,,,null,,,ATM,,,2,3,TRUE,2024-08-28,50000,HKD,null,null,null,MR    CHUNG SIU,111-111111-102,null,CCCS,ATM/CDM CASH CREDIT USINGACCOUNT INPUT,
HSBC Referral,3,1,1,,,TRUE,TRUE,,1,,,10/7/2024,,,1,,,HKD,,,MISS YEUNG KAI,,,66666666601,,,HSBC,,,CHAN,,,111-111111-101,,,HASE,,,null,,,3,1,TRUE,2024-07-10,1,HKD,MISS YEUNG KAI,666-66666-601,The Hongkong and Shanghai Banking Corporation Limited,Mr CHAN TAI MAN       AND OTHERS,111-111111-101,Hang Seng Bank Ltd.,CWTF,Default transaction,
UAR,3,2,1,,,TRUE,TRUE,,1,,,10/7/2024,,,1,,,HKD,,,MISS YEUNG KAI,,,66666666601,,,HSBC,,,CHAN,,,111-111111-101,,,HASE,,,null,,,3,1,TRUE,2024-07-10,1,HKD,MISS YEUNG KAI,666-66666-601,The Hongkong and Shanghai Banking Corporation Limited,Mr CHAN TAI MAN       AND OTHERS,111-111111-101,Hang Seng Bank Ltd.,CWTF,Default transaction,
ODFT,4,1,1,,,TRUE,TRUE,,1,,,7/8/2024,,,"5,000.00",,,HKD,,,YEUNG KAI,,,666-66666-601,,,The Hongkong and Shanghai Banking Corporation Limited,,,CHAN,,,111-111111-101,,,HASE,,,FPS,,,4,1,TRUE,2024-08-07,5000,HKD,YEUNG KAI,666-66666-601,The Hongkong and Shanghai Banking Corporation Limited,MR      CHAN TAI MAN,111-111111-101,Hang Seng Bank Ltd.,CWTF,Default transaction,
HSBC Referral,4,2,2,,,TRUE,TRUE,,1,,,7/8/2024,,,"1,248.00",,,HKD,,,TSANG SIU MING,,,666-66666-602,,,The Hongkong and Shanghai Banking Corporation Limited,,,CHAN,,,111-111111-101,,,HASE,,,FPS,,,4,2,TRUE,2024-08-07,1248,HKD,TSANG SIU MING,666-66666-602,The Hongkong and Shanghai Banking Corporation Limited,MR      CHAN TAI MAN,111-111111-101,Hang Seng Bank Ltd.,CWTF,Default transaction,
HSBC Referral,4,2,3,,,TRUE,TRUE,,1,,,7/8/2024,,,"2,010.00",,,HKD,,,TSANG SIU MING,,,666-66666-602,,,The Hongkong and Shanghai Banking Corporation Limited,,,CHAN,,,111-111111-101,,,HASE,,,FPS,,,4,3,TRUE,2024-08-07,2010,HKD,TSANG SIU MING,666-66666-602,The Hongkong and Shanghai Banking Corporation Limited,MR      CHAN TAI MAN,111-111111-101,Hang Seng Bank Ltd.,CWTF,Default transaction,
HSBC Referral,4,3,4,,,TRUE,TRUE,,1,,,7/8/2024,,,"2,460.00",,,HKD,,,XIE PANGAN,,,666-66666-603,,,The Hongkong and Shanghai Banking Corporation Limited,,,CHAN,,,111-111111-101,,,HASE,,,FPS,,,4,4,TRUE,2024-08-07,2460,HKD,XIE PANGAN,666-66666-603,The Hongkong and Shanghai Banking Corporation Limited,MR      CHAN TAI MAN,111-111111-101,Hang Seng Bank Ltd.,CWTF,Default transaction,
HSBC Referral,4,3,5,,,TRUE,TRUE,,1,,,7/8/2024,,,300,,,HKD,,,XIE PANGAN,,,666-66666-603,,,The Hongkong and Shanghai Banking Corporation Limited,,,CHAN,,,111-111111-101,,,HASE,,,FPS,,,4,5,TRUE,2024-08-07,300,HKD,XIE PANGAN,666-66666-603,The Hongkong and Shanghai Banking Corporation Limited,MR      CHAN TAI MAN,111-111111-101,Hang Seng Bank Ltd.,CWTF,Default transaction,
HSBC Referral,4,4,1,,,TRUE,TRUE,,1,,,7/8/2024,,,"5,000.00",,,HKD,,,YEUNG KAI,,,666-66666-601,,,The Hongkong and Shanghai Banking Corporation Limited,,,CHAN,,,111-111111-101,,,HASE,,,FPS,,,4,1,TRUE,2024-08-07,5000,HKD,YEUNG KAI,666-66666-601,The Hongkong and Shanghai Banking Corporation Limited,MR      CHAN TAI MAN,111-111111-101,Hang Seng Bank Ltd.,CWTF,Default transaction,
UAR,4,5,3,,,TRUE,TRUE,,1,,,7/8/2024,,,"2,010.00",,,HKD,,,TSANG SIU MING,,,666-66666-602,,,The Hongkong and Shanghai Banking Corporation Limited,,,CHAN,,,111-111111-101,,,HASE,,,FPS,,,4,3,TRUE,2024-08-07,2010,HKD,TSANG SIU MING,666-66666-602,The Hongkong and Shanghai Banking Corporation Limited,MR      CHAN TAI MAN,111-111111-101,Hang Seng Bank Ltd.,CWTF,Default transaction,
UAR,4,6,4,,,TRUE,TRUE,,1,,,7/8/2024,,,"2,460.00",,,HKD,,,XIE PANGAN,,,666-66666-603,,,The Hongkong and Shanghai Banking Corporation Limited,,,CHAN,,,111-111111-101,,,HASE,,,FPS,,,4,4,TRUE,2024-08-07,2460,HKD,XIE PANGAN,666-66666-603,The Hongkong and Shanghai Banking Corporation Limited,MR      CHAN TAI MAN,111-111111-101,Hang Seng Bank Ltd.,CWTF,Default transaction,
UAR,4,7,5,,,TRUE,TRUE,,1,,,7/8/2024,,,300,,,HKD,,,XIE PANGAN,,,666-66666-603,,,The Hongkong and Shanghai Banking Corporation Limited,,,CHAN,,,111-111111-101,,,HASE,,,FPS,,,4,5,TRUE,2024-08-07,300,HKD,XIE PANGAN,666-66666-603,The Hongkong and Shanghai Banking Corporation Limited,MR      CHAN TAI MAN,111-111111-101,Hang Seng Bank Ltd.,CWTF,Default transaction,
Police Letter,4,8,6,,,TRUE,TRUE,,1,,,7/8/2024,,,"2,430.00",,,HKD,,,CHEUNG,,,222-222222-101,,,HASE,,,CHAN,,,111-111111-101,,,HASE,,,ATM,,,4,6,TRUE,2024-08-07,2430,HKD,"CHEUNG, TAK SHING",222-222222-101,null,MR      CHAN TAI MAN,111-111111-101,null,CUTF,ATM TRANSFER UNRELATED   DEPOSIT,
UAR,4,9,2,,,TRUE,TRUE,,1,,,7/8/2024,,,"1,248.00",,,HKD,,,TSANG SIU MING,,,666-66666-602,,,The Hongkong and Shanghai Banking Corporation Limited,,,CHAN,,,111-111111-101,,,HASE,,,FPS,,,4,2,TRUE,2024-08-07,1248,HKD,TSANG SIU MING,666-66666-602,The Hongkong and Shanghai Banking Corporation Limited,MR      CHAN TAI MAN,111-111111-101,Hang Seng Bank Ltd.,CWTF,Default transaction,
UAR,4,10,1,,,TRUE,TRUE,,1,,,7/8/2024,,,"5,000.00",,,HKD,,,YEUNG KAI,,,666-66666-601,,,The Hongkong and Shanghai Banking Corporation Limited,,,CHAN,,,111-111111-101,,,HASE,,,FPS,,,4,1,TRUE,2024-08-07,5000,HKD,YEUNG KAI,666-66666-601,The Hongkong and Shanghai Banking Corporation Limited,MR      CHAN TAI MAN,111-111111-101,Hang Seng Bank Ltd.,CWTF,Default transaction,
Police Letter,4,11,7,,,TRUE,TRUE,,1,,,7/8/2024,,,"3,060.00",,,HKD,,,YAN,,,222-222222-102,,,HASE,,,CHAN,,,111-111111-101,,,HASE,,,FPS,,,4,7,TRUE,2024-08-07,3060,HKD,"YAN, MEI MEI",222-222222-102,null,MR      CHAN TAI MAN,111-111111-101,null,CUTF,Default transaction,
Police Letter,4,12,7,,,TRUE,TRUE,,1,,,7/8/2024,,,"3,060.00",,,HKD,,,YAN,,,222-222222-102,,,HASE,,,CHAN,,,111-111111-101,,,HASE,,,FPS,,same as reported transaction 2+3 [which is wrong and corrected by me],4,7,TRUE,2024-08-07,3060,HKD,"YAN, MEI MEI",222-222222-102,null,MR      CHAN TAI MAN,111-111111-101,null,CUTF,Default transaction,
ODFT,4,13,6,,,TRUE,TRUE,,1,,,7/8/2024,,,"2,430.00",,,HKD,,,CHEUNG,,,222-222222-101,,,HASE,,,CHAN,,,111-111111-101,,,HASE,,,ATM,,,4,6,TRUE,2024-08-07,2430,HKD,"CHEUNG, TAK SHING",222-222222-101,null,MR      CHAN TAI MAN,111-111111-101,null,CUTF,ATM TRANSFER UNRELATED   DEPOSIT,
ODFT,4,14,7,,,TRUE,TRUE,,1,,,7/8/2024,,,"3,060.00",,,HKD,,,YAN,,,222-222222-102,,,HASE,,,CHAN,,,111-111111-101,,,HASE,,,FPS,,,4,7,TRUE,2024-08-07,3060,HKD,"YAN, MEI MEI",222-222222-102,null,MR      CHAN TAI MAN,111-111111-101,null,CUTF,Default transaction,
Police Letter,4,15,8,,,TRUE,TRUE,,1,,,6/8/2024,,,"336,000.00",,,HKD,,,TAN,,,222-222222-103,,,HASE,,,CHAN,,,111-111111-101,,,HASE,,,NET,,,4,8,TRUE,2024-08-06,336000,HKD,"TAN, FUNG",222-222222-103,null,MR      CHAN TAI MAN,111-111111-101,null,CUTF,DCP UNRELATED ELECTRONIC TRANSFER CREDIT FROM PIB,
Search Warrant,4,16,7,,,TRUE,TRUE,,1,,,7/8/2024,,,"3,060.00",,,HKD,,,YAN,,,222-222222-102,,,HASE,,,CHAN,,,111-111111-101,,,HASE,,,FPS,,,4,7,TRUE,2024-08-07,3060,HKD,"YAN, MEI MEI",222-222222-102,null,MR      CHAN TAI MAN,111-111111-101,null,CUTF,Default transaction,
Search Warrant,4,17,9,,,TRUE,FALSE,,1,,,7/8/2024,,,"5,000.00",,,HKD,,,null,,,null,,,null,,,CHAN,,,111-111111-101,,,HASE,,,null,,"As 3 counts same amount HKD5,000 credit to CHAN on the same day, the transaction cannot be located.",,,,,,,,,,,,,,,
Search Warrant,4,18,null,,,,,,,,,,,,,,,,,,,,,,,,,,,,,,,,,,,,,,,,,,,,,,,,,,,,,
HSBC Referral,5,1,1,,,TRUE,TRUE,,1,,,12/11/2024,,,"25,500.00",,,HKD,,,CHAN,,,333-333333-101,,,HSBC,,,CHAN,,,111-111111-101,,,HASE,,,null,,same name HSBC account,5,1,TRUE,2024-11-12,25500,HKD,CHAN TAI MAN,333-333333-101,The Hongkong and Shanghai Banking Corporation Limited,MR        CHAN TAI MAN,111-111111-101,Hang Seng Bank Ltd.,CWTF,Default transaction,
HSBC Referral,5,2,2,,,TRUE,TRUE,,1,,,12/11/2024,,,"50,000.00",,,HKD,,,CHAN,,,333-333333-101,,,HSBC,,,CHAN,,,111-111111-101,,,HASE,,,null,,same name HSBC account,5,2,TRUE,2024-11-12,50000,HKD,CHAN TAI MAN,333-333333-101,The Hongkong and Shanghai Banking Corporation Limited,MR        CHAN TAI MAN,111-111111-101,Hang Seng Bank Ltd.,CWTF,Default transaction,
HSBC Referral,5,2,3,,,TRUE,TRUE,,1,,,12/11/2024,,,"56,000.00",,,HKD,,,CHAN,,,333-333333-101,,,HSBC,,,CHAN,,,111-111111-101,,,HASE,,,null,,same name HSBC account,5,3,TRUE,2024-11-12,56000,HKD,CHAN TAI MAN,333-333333-101,The Hongkong and Shanghai Banking Corporation Limited,MR        CHAN TAI MAN,111-111111-101,Hang Seng Bank Ltd.,CWTF,Default transaction,
UAR,5,3,1,,,TRUE,TRUE,,1,,,12/11/2024,,,"25,500.00",,,HKD,,,CHAN,,,333-333333-101,,,HSBC,,,CHAN,,,111-111111-101,,,HASE,,,null,,same name HSBC account,5,1,TRUE,2024-11-12,25500,HKD,CHAN TAI MAN,333-333333-101,The Hongkong and Shanghai Banking Corporation Limited,MR        CHAN TAI MAN,111-111111-101,Hang Seng Bank Ltd.,CWTF,Default transaction,
HSBC Referral,5,4,4,,,TRUE,TRUE,,1,,,12/11/2024,,,"93,000.00",,,HKD,,,CHAN,,,333-333333-101,,,HSBC,,,CHAN,,,111-111111-101,,,HASE,,,null,,same name HSBC account,5,4,TRUE,2024-11-12,93000,HKD,CHAN TAI MAN,333-333333-101,The Hongkong and Shanghai Banking Corporation Limited,MR        CHAN TAI MAN,111-111111-101,Hang Seng Bank Ltd.,CWTF,Default transaction,
HSBC Referral,5,4,5,,,TRUE,TRUE,,1,,,12/11/2024,,,"90,000.00",,,HKD,,,CHAN,,,333-333333-101,,,HSBC,,,CHAN,,,111-111111-101,,,HASE,,,null,,same name HSBC account,5,5,TRUE,2024-11-12,90000,HKD,CHAN TAI MAN,333-333333-101,The Hongkong and Shanghai Banking Corporation Limited,MR        CHAN TAI MAN,111-111111-101,Hang Seng Bank Ltd.,CWTF,Default transaction,
HSBC Referral,5,5,6,,,TRUE,TRUE,,1,,,12/11/2024,,,"200,000.00",,,HKD,,,CHAN,,,333-333333-101,,,HSBC,,,CHAN,,,111-111111-101,,,HASE,,,null,,same name HSBC account,5,6,TRUE,2024-11-12,200000,HKD,CHAN TAI MAN,333-333333-101,The Hongkong and Shanghai Banking Corporation Limited,MR        CHAN TAI MAN,111-111111-101,Hang Seng Bank Ltd.,CWTF,Default transaction,
HSBC Referral,5,5,7,,,TRUE,TRUE,,1,,,12/11/2024,,,"100,000.00",,,HKD,,,CHAN,,,333-333333-101,,,HSBC,,,CHAN,,,111-111111-101,,,HASE,,,null,,same name HSBC account,5,7,TRUE,2024-11-12,100000,HKD,CHAN TAI MAN,333-333333-101,The Hongkong and Shanghai Banking Corporation Limited,MR        CHAN TAI MAN,111-111111-101,Hang Seng Bank Ltd.,CWTF,Default transaction,
HSBC Referral,5,6,8,,,TRUE,TRUE,,1,,,12/11/2024,,,"77,000.00",,,HKD,,,CHAN,,,333-333333-101,,,HSBC,,,CHAN,,,111-111111-101,,,HASE,,,null,,same name HSBC account,5,8,TRUE,2024-11-12,77000,HKD,CHAN TAI MAN,333-333333-101,The Hongkong and Shanghai Banking Corporation Limited,MR        CHAN TAI MAN,111-111111-101,Hang Seng Bank Ltd.,CWTF,Default transaction,
HSBC Referral,5,6,9,,,TRUE,TRUE,,1,,,12/11/2024,,,"50,000.00",,,HKD,,,CHAN,,,333-333333-101,,,HSBC,,,CHAN,,,111-111111-101,,,HASE,,,null,,same name HSBC account,5,9,TRUE,2024-11-12,50000,HKD,CHAN TAI MAN,333-333333-101,The Hongkong and Shanghai Banking Corporation Limited,MR        CHAN TAI MAN,111-111111-101,Hang Seng Bank Ltd.,CWTF,Default transaction,
HSBC Referral,5,6,10,,,TRUE,TRUE,,1,,,11/11/2024,,,"19,990.00",,,HKD,,,CHAN,,,333-333333-101,,,HSBC,,,CHAN,,,111-111111-101,,,HASE,,,null,,same name HSBC account,5,10,TRUE,2024-11-11,19990,HKD,CHAN TAI MAN,333-333333-101,The Hongkong and Shanghai Banking Corporation Limited,MR        CHAN TAI MAN,111-111111-101,Hang Seng Bank Ltd.,CWTF,Default transaction,
HSBC Referral,5,6,1,,,TRUE,TRUE,,1,,,12/11/2024,,,"25,500.00",,,HKD,,,CHAN,,,333-333333-101,,,HSBC,,,CHAN,,,111-111111-101,,,HASE,,,null,,"Other payments same as reported payments 1, 2, 4, 5, 6, and 7.",5,1,TRUE,2024-11-12,25500,HKD,CHAN TAI MAN,333-333333-101,The Hongkong and Shanghai Banking Corporation Limited,MR        CHAN TAI MAN,111-111111-101,Hang Seng Bank Ltd.,CWTF,Default transaction,
HSBC Referral,5,6,2,,,TRUE,TRUE,,1,,,12/11/2024,,,"50,000.00",,,HKD,,,CHAN,,,333-333333-101,,,HSBC,,,CHAN,,,111-111111-101,,,HASE,,,null,,same name HSBC account,5,2,TRUE,2024-11-12,50000,HKD,CHAN TAI MAN,333-333333-101,The Hongkong and Shanghai Banking Corporation Limited,MR        CHAN TAI MAN,111-111111-101,Hang Seng Bank Ltd.,CWTF,Default transaction,
HSBC Referral,5,6,4,,,TRUE,TRUE,,1,,,12/11/2024,,,"93,000.00",,,HKD,,,CHAN,,,333-333333-101,,,HSBC,,,CHAN,,,111-111111-101,,,HASE,,,null,,same name HSBC account,5,4,TRUE,2024-11-12,93000,HKD,CHAN TAI MAN,333-333333-101,The Hongkong and Shanghai Banking Corporation Limited,MR        CHAN TAI MAN,111-111111-101,Hang Seng Bank Ltd.,CWTF,Default transaction,
HSBC Referral,5,6,5,,,TRUE,TRUE,,1,,,12/11/2024,,,"90,000.00",,,HKD,,,CHAN,,,333-333333-101,,,HSBC,,,CHAN,,,111-111111-101,,,HASE,,,null,,same name HSBC account,5,5,TRUE,2024-11-12,90000,HKD,CHAN TAI MAN,333-333333-101,The Hongkong and Shanghai Banking Corporation Limited,MR        CHAN TAI MAN,111-111111-101,Hang Seng Bank Ltd.,CWTF,Default transaction,
HSBC Referral,5,6,6,,,TRUE,TRUE,,1,,,12/11/2024,,,"200,000.00",,,HKD,,,CHAN,,,333-333333-101,,,HSBC,,,CHAN,,,111-111111-101,,,HASE,,,null,,same name HSBC account,5,6,TRUE,2024-11-12,200000,HKD,CHAN TAI MAN,333-333333-101,The Hongkong and Shanghai Banking Corporation Limited,MR        CHAN TAI MAN,111-111111-101,Hang Seng Bank Ltd.,CWTF,Default transaction,
HSBC Referral,5,6,7,,,TRUE,TRUE,,1,,,12/11/2024,,,"100,000.00",,,HKD,,,CHAN,,,333-333333-101,,,HSBC,,,CHAN,,,111-111111-101,,,HASE,,,null,,same name HSBC account,5,7,TRUE,2024-11-12,100000,HKD,CHAN TAI MAN,333-333333-101,The Hongkong and Shanghai Banking Corporation Limited,MR        CHAN TAI MAN,111-111111-101,Hang Seng Bank Ltd.,CWTF,Default transaction,
UAR,5,7,8,,,TRUE,TRUE,,1,,,12/11/2024,,,"77,000.00",,,HKD,,,CHAN,,,333-333333-101,,,HSBC,,,CHAN,,,111-111111-101,,,HASE,,,null,,same name HSBC account,5,8,TRUE,2024-11-12,77000,HKD,CHAN TAI MAN,333-333333-101,The Hongkong and Shanghai Banking Corporation Limited,MR        CHAN TAI MAN,111-111111-101,Hang Seng Bank Ltd.,CWTF,Default transaction,
UAR,5,8,10,,,TRUE,TRUE,,1,,,11/11/2024,,,"19,990.00",,,HKD,,,CHAN,,,333-333333-101,,,HSBC,,,CHAN,,,111-111111-101,,,HASE,,,null,,same name HSBC account,5,10,TRUE,2024-11-11,19990,HKD,CHAN TAI MAN,333-333333-101,The Hongkong and Shanghai Banking Corporation Limited,MR        CHAN TAI MAN,111-111111-101,Hang Seng Bank Ltd.,CWTF,Default transaction,
HSBC Referral,5,9,11,,,TRUE,TRUE,,1,,,12/11/2024,,,"16,500.00",,,HKD,,,CHAN,,,333-333333-101,,,HSBC,,,CHAN,,,111-111111-101,,,HASE,,,null,,same name HSBC account,5,11,TRUE,2024-11-12,16500,HKD,CHAN TAI MAN,333-333333-101,The Hongkong and Shanghai Banking Corporation Limited,MR        CHAN TAI MAN,111-111111-101,Hang Seng Bank Ltd.,CWTF,Default transaction,
Search Warrant,6,1,null,,,,,,,,,,,,,,,,,,,,,,,,,,,,,,,,,,,,,,,,,,,,,,,,,,,,,
HSBC Referral,7,1,1,,,TRUE,FALSE,,null,,,25/8/2024,,,"20,000.00",,,HKD,,,YEUNG KAI,,,66666666601,,,HSBC,,,null,,,null,,,null,,,ATM,,,,,,,,,,,,,,,,,
ADCC,7,2,2,,,TRUE,TRUE,,1,,,24/8/2024,,,"50,000.00",,,HKD,,,CHEUNG,,,444-4444444-101,,,HSBC,,,CHAN,,,111-111111-101,,,HASE,,,null,,,7,2,TRUE,2024-08-24,50000,HKD,CHEUNG TAK SHING,444-4444444-101,null,CHAN TAI MAN,111-111111-101,null,CUTF,ATM TRANSFER UNRELATED   DEPOSIT,
ADCC,7,2,3,,,TRUE,TRUE,,1,,,25/8/2024,,,"10,000.00",,,HKD,,,CHEUNG,,,444-4444444-101,,,HSBC,,,CHAN,,,111-111111-101,,,HASE,,,null,,,7,3,TRUE,2024-08-25,10000,HKD,CHEUNG TAK SHING,444-4444444-101,The Hongkong and Shanghai Banking Corporation Limited,CHAN TAI MAN,111-111111-101,Hang Seng Bank Ltd.,CWTF,Default transaction,
ADCC,7,2,4,,,TRUE,TRUE,,1,,,24/8/2024,,,"31,000.00",,,HKD,,,CHEUNG,,,222-222222-101,,,HASE,,,CHAN,,,111-111111-101,,,HASE,,,null,,,7,4,TRUE,2024-08-24,31000,HKD,CHEUNG TAK SHING,222-222222-101,null,CHAN TAI MAN,111-111111-101,null,CUTF,ATM TRANSFER UNRELATED   DEPOSIT,
ADCC,7,2,5,,,TRUE,TRUE,,1,,,25/8/2024,,,"50,000.00",,,HKD,,,CHEUNG,,,222-222222-101,,,HASE,,,CHAN,,,111-111111-101,,,HASE,,,null,,,7,5,TRUE,2024-08-25,50000,HKD,CHEUNG TAK SHING,222-222222-101,null,CHAN TAI MAN,111-111111-101,null,CUTF,DCP UNRELATED ELECTRONIC TRANSFER CREDIT FROM PIB,
ADCC,7,2,6,,,TRUE,TRUE,,1,,,25/8/2024,,,"60,000.00",,,HKD,,,CHEUNG,,,222-222222-101,,,HASE,,,CHAN,,,111-111111-101,,,HASE,,,null,,,7,6,TRUE,2024-08-25,60000,HKD,CHEUNG TAK SHING,222-222222-101,null,CHAN TAI MAN,111-111111-101,null,CUTF,DCP UNRELATED ELECTRONIC TRANSFER CREDIT FROM PIB,
ADCC,7,2,7,,,TRUE,TRUE,,1,,,25/8/2024,,,"30,000.00",,,HKD,,,CHEUNG,,,222-222222-101,,,HASE,,,CHAN,,,111-111111-101,,,HASE,,,null,,,7,7,TRUE,2024-08-25,30000,HKD,CHEUNG TAK SHING,222-222222-101,null,CHAN TAI MAN,111-111111-101,null,CUTF,DCP UNRELATED ELECTRONIC TRANSFER CREDIT FROM PIB,
ADCC,7,2,8,,,TRUE,TRUE,,1,,,25/8/2024,,,"39,000.00",,,HKD,,,CHEUNG,,,null,,,null,,,CHAN,,,111-111111-101,,,HASE,,,cash,,,7,8,TRUE,2024-08-25,39000,HKD,null,null,null,CHAN TAI MAN,111-111111-101,null,CCCS,CASH DEP VIA CDM/BCDM -  AC INPUT (TOUCH SCREEN),
ADCC,7,2,9,,,TRUE,TRUE,,2,,,25/8/2024,,,"50,000.00",,,HKD,,,CHEUNG,,,444-4444444-101,,,HSBC,,,CHUNG,,,111-111111-102,,,HASE,,,null,,,7,9,TRUE,2024-08-25,50000,HKD,CHEUNG TAK SHING,444-4444444-101,null,CHUNG SIU,111-111111-102,null,CUTF,UNRELATED ELECTRONIC     TRANSFER CREDIT,
ADCC,7,2,10,,,TRUE,TRUE,,2,,,25/8/2024,,,"50,000.00",,,HKD,,,CHEUNG,,,222-222222-101,,,HASE,,,CHUNG,,,111-111111-102,,,HASE,,,null,,,7,10,TRUE,2024-08-25,50000,HKD,CHEUNG TAK SHING,222-222222-101,null,CHUNG SIU,111-111111-102,null,CUTF,UNRELATED ELECTRONIC     TRANSFER CREDIT,
Search Warrant,7,3,null,,,,,,,,,,,,,,,,,,,,,,,,,,,,,,,,,,,,,,,,,,,,,,,,,,,,,
ADCC,8,1,1,,,TRUE,TRUE,,1,,,7/10/2024,,,"192,500.00",,,HKD,,,YEUNG KAI,,,66666666601,,,BOC,,,CHAN,,,111-111111-101,,,HASE,,,null,,,8,1,TRUE,2024-10-07,192500,HKD,YEUNG KAI,66666666601,Bank of China (Hong Kong) Limited,CHAN TAI MAN,111-111111-101,Hang Seng Bank Ltd.,CWTF,Default transaction,
UAR,8,2,null,,,,,,,,,,,,,,,,,,,,,,,,,,,,,,,,,,,,,,The branch manager refused to process the transfer for the customer because they were suspicious. There was no loss amount.,,,,,,,,,,,,,,,
Police Letter,9,1,1,,,TRUE,TRUE,,1,,,25/7/2024,,,"50,000.00",,,HKD,,,null,,,null,,,null,,,CHAN,,,111-111111-101,,,HASE,,,cash,,,9,1,TRUE,2024-07-25,50000,HKD,null,null,null,null,111-111111-101,null,CCAS,CIF CASH DEPOSIT,
Police Letter,10,1,1,,,TRUE,TRUE,,1,,,22/5/2024,,,"3,000.00",,,HKD,,,CHEUNG,,,222-222222-101,,,HASE,,,CHAN,,,111-111111-101,,,HASE,,,ATM,,,10,1,TRUE,2024-05-22,3000,HKD,CHEUNG TAK SHING,222-222222-101,null,CHAN TAI MAN,111-111111-101,null,CUTF,ATM TRANSFER UNRELATED   DEPOSIT,
Police Letter,10,1,2,,,TRUE,TRUE,,3,,,22/5/2024,,,"50,000.00",,,HKD,,,null,,,null,,,null,,,CHIU,,,111-111111-103,,,HASE,,,cash deposit via ATM,,,10,2,TRUE,2024-05-22,50000,HKD,null,null,null,CHIU YAN,111-111111-103,null,null,CCCS,
Police Letter,11,1,1,,,TRUE,TRUE,,1,,,29/6/2024,,,"25,500.00",,,HKD,,,CHEUNG,,,222-222222-101,,,HASE,,,CHAN,,,111-111111-101,,,HASE,,,null,,,11,1,TRUE,2024-06-29,25500,HKD,CHEUNG TAK SHING,222-222222-101,null,CHAN TAI MAN,111-111111-101,null,CUTF,ATM TRANSFER UNRELATED   DEPOSIT,
ODFT,12,1,1,,,TRUE,TRUE,,1,,,17/7/2024,,,"30,000.00",,,HKD,,,CHEUNG,,,222-222222-101,,,HASE,,,CHAN,,,111-111111-101,,,HASE,,,ATM,,,12,1,TRUE,2024-07-17,30000,HKD,CHEUNG TAK SHING,222-222222-101,null,CHAN TAI MAN,111-111111-101,null,CUTF,ATM TRANSFER UNRELATED   DEPOSIT,
Police Letter,12,2,2,,,TRUE,TRUE,,1,,,17/7/2024,,,"9,000.00",,,HKD,,,null,,,null,,,null,,,CHAN,,,111-111111-101,,,HASE,,,cash,,,12,2,TRUE,2024-07-17,9000,HKD,null,null,null,CHAN TAI MAN,111-111111-101,null,CCCS,CASH DEP VIA CDM/BCDM -  AC INPUT (TOUCH SCREEN),
Police Letter,12,3,3,,,TRUE,TRUE,,1,,,15/7/2024,,,"40,000.00",,,HKD,,,null,,,null,,,null,,,CHAN,,,111-111111-101,,,HASE,,,cash,,,12,3,TRUE,2024-07-15,40000,HKD,null,null,null,CHAN TAI MAN,111-111111-101,null,CCCS,CASH DEP VIA CDM/BCDM -  AC INPUT (TOUCH SCREEN),
UAR,13,1,1,,,TRUE,TRUE,,1,,,21/8/2024,,,"1,244.00",,,HKD,,,CHEUNG,,,222-222222-101,,,HASE,,,CHAN,,,111-111111-101,,,HASE,,,null,,,13,1,TRUE,2024-08-21,1244,HKD,CHEUNG TAK SHING,222-222222-101,null,CHAN TAI MAN,111-111111-101,null,CUTF,ATM TRANSFER UNRELATED   DEPOSIT,
Police Letter,14,1,1,,,TRUE,TRUE,,1,,,26/7/2024,,,"10,000.00",,,HKD,,,YEUNG KAI,,,66666666601,,,China Construction Bank (Asia) Corporation Limited,,,CHAN,,,111-111111-101,,,HASE,,,FPS,,,14,1,TRUE,2024-07-26,10000,HKD,YEUNG KAI,66666666601,China Construction Bank (Asia) Corporation Limited,MR CHAN TAI MAN,111-111111-101,Hang Seng Bank Ltd.,CWTF,Default transaction,
Search Warrant,14,2,null,,,,,,,,,,,,,,,,,,,,,,,,,,,,,,,,,,,,,,,,,,,,,,,,,,,,,
Police Letter,14,3,2,,,TRUE,TRUE,,1,,,28/7/2024,,,"17,000.00",,,HKD,,,null,,,null,,,null,,,CHAN,,,111-111111-101,,,HASE,,,cash,,,14,2,TRUE,2024-07-28,17000,HKD,null,null,null,MR CHAN TAI MAN,111-111111-101,null,CCCS,CASH DEP VIA CDM/BCDM -  AC INPUT (TOUCH SCREEN),
Search Warrant,14,4,null,,,,,,,,,,,,,,,,,,,,,,,,,,,,,,,,,,,,,,,,,,,,,,,,,,,,,
ADCC,14,5,3,,,TRUE,TRUE,,1,,,25/7/2024,,,"135,524.00",,,HKD,,,TSANG SIU MING,,,66666666602,,,HSBC,,,CHAN,,,111-111111-101,,,HASE,,,FPS,,,14,3,TRUE,2024-07-25,135524,HKD,TSANG SIU MING,66666666602,The Hongkong and Shanghai Banking Corporation Limited,MR CHAN TAI MAN,111-111111-101,Hang Seng Bank Ltd.,CWTF,Default transaction,
Police Letter,14,6,4,,,TRUE,TRUE,,1,,,27/7/2024,,,"20,000.00",,,HKD,,,CHEUNG,,,222-222222-101,,,HSB,,,CHAN,,,111-111111-101,,,HASE,,,null,,,14,4,TRUE,2024-07-27,20000,HKD,CHEUNG TAK SHING,222-222222-101,null,MR CHAN TAI MAN,111-111111-101,null,CUTF,DCP UNRELATED ELECTRONIC TRANSFER CREDIT FROM PIB,
Police Letter,14,6,5,,,TRUE,TRUE,,1,,,27/7/2024,,,"35,000.00",,,HKD,,,CHEUNG,,,222-222222-101,,,HSB,,,CHAN,,,111-111111-101,,,HASE,,,null,,,14,5,TRUE,2024-07-27,35000,HKD,CHEUNG TAK SHING,222-222222-101,null,MR CHAN TAI MAN,111-111111-101,null,CUTF,DCP UNRELATED ELECTRONIC TRANSFER CREDIT FROM PIB,
ODFT,15,1,1,,,TRUE,TRUE,,1,,,10/8/2024,,,"164,024.00",,,HKD,,,CHEUNG TAK SHING,,,222-222222-101,,,HASE,,,CHAN,,,111-111111-101,,,HASE,,,null,,,15,1,TRUE,2024-08-10,164024,HKD,CHEUNG TAK SHING,222-222222-101,null,CHAN TAI MAN,111-111111-101,null,CUTF,DCP UNRELATED ELECTRONIC TRANSFER CREDIT FROM PIB,
UAR,15,3,2,,,TRUE,TRUE,,1,,,11/8/2024,,,"98,001.00",,,HKD,,,YEUNG KAI,,,66666666601,,,HSBC,,,CHAN,,,111-111111-101,,,HASE,,,null,,,15,2,TRUE,2024-08-11,98001,HKD,YEUNG KAI,66666666601,null,CHAN TAI MAN,111-111111-101,null,CUTF,ATM TRANSFER UNRELATED   DEPOSIT,
Search Warrant,15,4,null,,,,,,,,,,,,,,,,,,,,,,,,,,,,,,,,,,,,,,,,,,,,,,,,,,,,,
ODFT,15,5,3,,,TRUE,TRUE,,1,,,10/8/2024,,,"10,169.00",,,HKD,,,YAN MEI MEI,,,222-222222-102,,,HASE,,,CHAN,,,111-111111-101,,,HASE,,,null,,,15,3,TRUE,2024-08-10,10169,HKD,YAN MEI MEI,222-222222-102,null,CHAN TAI MAN,111-111111-101,null,CUTF,DCP UNRELATED ELECTRONIC TRANSFER CREDIT FROM PIB,
ODFT,15,6,2,,,TRUE,TRUE,,1,,,11/8/2024,,,"98,001.00",,,HKD,,,YEUNG KAI,,,66666666601,,,HSBC,,,CHAN,,,111-111111-101,,,HASE,,,null,,,15,2,TRUE,2024-08-11,98001,HKD,YEUNG KAI,66666666601,null,CHAN TAI MAN,111-111111-101,null,CUTF,ATM TRANSFER UNRELATED   DEPOSIT,
HSBC Referral,15,7,2,,,TRUE,TRUE,,1,,,11/8/2024,,,"98,001.00",,,HKD,,,YEUNG KAI,,,66666666601,,,HSBC,,,CHAN,,,111-111111-101,,,HASE,,,null,,,15,2,TRUE,2024-08-11,98001,HKD,YEUNG KAI,66666666601,null,CHAN TAI MAN,111-111111-101,null,CUTF,ATM TRANSFER UNRELATED   DEPOSIT,
HSBC Referral,15,8,2,,,TRUE,TRUE,,1,,,11/8/2024,,,"98,001.00",,,HKD,,,YEUNG KAI,,,66666666601,,,HSBC,,,CHAN,,,111-111111-101,,,HASE,,,null,,,15,2,TRUE,2024-08-11,98001,HKD,YEUNG KAI,66666666601,null,CHAN TAI MAN,111-111111-101,null,CUTF,ATM TRANSFER UNRELATED   DEPOSIT,
ADCC,16,1,1,,,TRUE,TRUE,,1,,,30/9/2024,,,"198,500.00",,,HKD,,,YEUNG KAI,,,66666666601,,,CCBA,,,CHAN,,,111-111111-101,,,HASE,,,null,,,16,1,TRUE,2024-09-30,198500,HKD,YEUNG KAI,66666666601,China Construction Bank (Asia) Corporation Limited,MR CHAN TAI MAN,111-111111-101,Hang Seng Bank Ltd.,CWTF,Default transaction,
Police Letter,17,1,1,,,TRUE,TRUE,,1,,,16/7/2024,,,"40,000.00",,,HKD,,,CHEUNG,,,222-222222-101,,,null,,,CHAN,,,111-111111-101,,,HASE,,,null,,,17,1,TRUE,2024-07-16,40000,HKD,CHEUNG TAK SHING,222-222222-101,null,MR CHAN TAI MAN,111-111111-101,null,CUTF,DCP UNRELATED ELECTRONIC TRANSFER CREDIT FROM PIB,
Police Letter,17,2,2,,,TRUE,TRUE,,1,,,15/7/2024,,,"40,500.00",,,HKD,,,YAN,,,222-222222-102,,,null,,,CHAN,,,111-111111-101,,,HASE,,,null,,,17,2,TRUE,2024-07-15,40500,HKD,YAN MEI MEI,222-222222-102,null,MR CHAN TAI MAN,111-111111-101,null,CUTF,ATM TRANSFER UNRELATED   DEPOSIT,
Police Letter,17,3,3,,,TRUE,TRUE,,1,,,15/7/2024,,,"90,000.00",,,HKD,,,null,,,null,,,null,,,CHAN,,,111-111111-101,,,HASE,,,cash,,,17,3,TRUE,2024-07-15,90000,HKD,null,null,null,MR CHAN TAI MAN,111-111111-101,null,CCCS,CASH DEP VIA CDM/BCDM -  AC INPUT (TOUCH SCREEN),
HSBC Referral,18,1,1,,,TRUE,TRUE,,1,,,10/12/2024,,,"5,000.00",,,HKD,,,CHEUNG TAK SHING,,,444-4444444-101,,,The Hongkong and Shanghai Banking Corporation Limited,,,CHAN,,,111-111111-101,,,HASE,,,null,,,18,1,TRUE,2024-12-10,5000,HKD,CHEUNG TAK SHING,444-4444444-101,The Hongkong and Shanghai Banking Corporation Limited,"CHAN, TAIMAN",111-111111-101,Hang Seng Bank Ltd.,CWTF,Default transaction,
UAR,18,2,1,,,TRUE,TRUE,,1,,,10/12/2024,,,"5,000.00",,,HKD,,,CHEUNG TAK SHING,,,444-4444444-101,,,The Hongkong and Shanghai Banking Corporation Limited,,,CHAN,,,111-111111-101,,,HASE,,,null,,,18,1,TRUE,2024-12-10,5000,HKD,CHEUNG TAK SHING,444-4444444-101,The Hongkong and Shanghai Banking Corporation Limited,"CHAN, TAIMAN",111-111111-101,Hang Seng Bank Ltd.,CWTF,Default transaction,
Police Letter,18,3,2,,,TRUE,TRUE,,1,,,10/12/2024,,,"1,500.00",,,HKD,,,YAN MEI MEI,,,444-4444444-102,,,The Hongkong and Shanghai Banking Corporation Limited,,,CHAN,,,111-111111-101,,,HASE,,,null,,,18,2,TRUE,2024-12-10,1500,HKD,YAN MEI MEI,444-4444444-102,The Hongkong and Shanghai Banking Corporation Limited,"CHAN, TAIMAN",111-111111-101,Hang Seng Bank Ltd.,CWTF,Default transaction,
Search Warrant,18,4,null,,,,,,,,,,,,,,,,,,,,,,,,,,,,,,,,,,,,,,,,,,,,,,,,,,,,,
Police Letter,18,5,1,,,TRUE,TRUE,,1,,,10/12/2024,,,"5,000.00",,,HKD,,,CHEUNG TAK SHING,,,444-4444444-101,,,The Hongkong and Shanghai Banking Corporation Limited,,,CHAN,,,111-111111-101,,,HASE,,,null,,,18,1,TRUE,2024-12-10,5000,HKD,CHEUNG TAK SHING,444-4444444-101,The Hongkong and Shanghai Banking Corporation Limited,"CHAN, TAIMAN",111-111111-101,Hang Seng Bank Ltd.,CWTF,Default transaction,
HSBC Referral,19,1,1,,,TRUE,TRUE,,1,,,23/12/2024,,,"20,000.00",,,HKD,,,ABC1 Limited,,,444-4444444-101,,,The Hongkong and Shanghai Banking Corporation Limited,,,CHAN,,,111-111111-101,,,HASE,,,FPS,,,19,1,TRUE,2024-12-23,20000,HKD,ABC1 Limited,444-4444444-101,The Hongkong and Shanghai Banking Corporation Limited,"CHAN, TAI MAN",111-111111-101,Hang Seng Bank Ltd.,CWTF,Default transaction,
ODFT,20,1,1,,,TRUE,TRUE,,0,,,10/12/2024,,,"46,000.00",,,HKD,,,CHEUNG,,,222-222222-101,,,HASE,,,CHUNG SIU,,,333-333333-102,,,HSBC,,,null,,"AS reported payment 1 transferred to non-HASE account, no further investigation.",20,1,TRUE,2024-12-10,46000,HKD,null,222-222222-101,null,CHUNG SIU,333-333333-102,null,DUTF,ATM TRANSFER UNRELATED   WITHDRAWAL,
ODFT,20,1,2,,,TRUE,TRUE,,1,,,11/12/2024,,,"46,000.00",,,HKD,,,CHEUNG,,,222-222222-101,,,HASE,,,CHAN,,,111-111111-101,,,HASE,,,null,,,20,2,TRUE,2024-12-11,46000,HKD,CHEUNG TAK SHING,222-222222-101,null,"CHAN, TAIMAN",111-111111-101,null,CUTF,ATM TRANSFER UNRELATED   DEPOSIT,
ADCC,21,1,1,,,TRUE,TRUE,,1,,,3/12/2024,,,"145,886.00",,,HKD,,,YEUNG KAI,,,66666666601,,,HSBC,,,CHAN,,,111-111111-101,,,HASE,,,null,,,21,1,TRUE,2024-12-03,145886,HKD,YEUNG KAI,66666666601,The Hongkong and Shanghai Banking Corporation Limited,MR        CHAN TAI MAN,111-111111-101,Hang Seng Bank Ltd.,CWTF,Default transaction,
Police Letter,21,2,2,,,TRUE,TRUE,,1,,,3/12/2024,,,"144,123.00",,,HKD,,,null,,,666-66666-602,,,HSBC,,,CHAN,,,111-111111-101,,,HASE,,,null,,,21,2,TRUE,2024-12-03,144123,HKD,TSANG SIU MING,666-66666-602,null,MR        CHAN TAI MAN,111-111111-101,null,CUTF,ATM TRANSFER UNRELATED   DEPOSIT,
HSBC Referral,21,3,3,,,TRUE,TRUE,,1,,,3/12/2024,,,"2,997.00",,,HKD,,,CHAN,,,null,,,HSBC,,,CHAN,,,111-111111-101,,,HASE,,,null,,,21,3,TRUE,2024-12-03,2997,HKD,CHAN TAI MAN,333-333333-101,The Hongkong and Shanghai Banking Corporation Limited,MR        CHAN TAI MAN,111-111111-101,Hang Seng Bank Ltd.,CWTF,Default transaction,
HSBC Referral,21,3,4,,,TRUE,TRUE,,1,,,3/12/2024,,,"7,001.00",,,HKD,,,CHAN,,,null,,,HSBC,,,CHAN,,,111-111111-101,,,HASE,,,null,,,21,4,TRUE,2024-12-03,7001,HKD,CHAN TAI MAN,333-333333-101,The Hongkong and Shanghai Banking Corporation Limited,MR        CHAN TAI MAN,111-111111-101,Hang Seng Bank Ltd.,CWTF,Default transaction,
HSBC Referral,21,3,5,,,TRUE,TRUE,,1,,,3/12/2024,,,"5,001.00",,,HKD,,,CHAN,,,null,,,HSBC,,,CHAN,,,111-111111-101,,,HASE,,,null,,,21,5,TRUE,2024-12-03,5001,HKD,CHAN TAI MAN,333-333333-101,The Hongkong and Shanghai Banking Corporation Limited,MR        CHAN TAI MAN,111-111111-101,Hang Seng Bank Ltd.,CWTF,Default transaction,
HSBC Referral,21,3,6,,,TRUE,TRUE,,1,,,3/12/2024,,,"50,001.00",,,HKD,,,CHAN,,,null,,,HSBC,,,CHAN,,,111-111111-101,,,HASE,,,null,,,21,6,TRUE,2024-12-03,50001,HKD,CHAN TAI MAN,333-333333-101,The Hongkong and Shanghai Banking Corporation Limited,MR        CHAN TAI MAN,111-111111-101,Hang Seng Bank Ltd.,CWTF,Default transaction,
HSBC Referral,21,3,7,,,TRUE,TRUE,,1,,,3/12/2024,,,"29,999.00",,,HKD,,,CHAN,,,null,,,HSBC,,,CHAN,,,111-111111-101,,,HASE,,,null,,,21,7,TRUE,2024-12-03,29999,HKD,CHAN TAI MAN,333-333333-101,The Hongkong and Shanghai Banking Corporation Limited,MR        CHAN TAI MAN,111-111111-101,Hang Seng Bank Ltd.,CWTF,Default transaction,
HSBC Referral,21,3,8,,,TRUE,TRUE,,1,,,3/12/2024,,,"29,998.00",,,HKD,,,CHAN,,,null,,,HSBC,,,CHAN,,,111-111111-101,,,HASE,,,null,,,21,8,TRUE,2024-12-03,29998,HKD,CHAN TAI MAN,333-333333-101,The Hongkong and Shanghai Banking Corporation Limited,MR        CHAN TAI MAN,111-111111-101,Hang Seng Bank Ltd.,CWTF,Default transaction,
HSBC Referral,21,3,9,,,TRUE,TRUE,,1,,,3/12/2024,,,"7,999.00",,,HKD,,,CHAN,,,null,,,HSBC,,,CHAN,,,111-111111-101,,,HASE,,,null,,,21,9,TRUE,2024-12-03,7999,HKD,CHAN TAI MAN,333-333333-101,The Hongkong and Shanghai Banking Corporation Limited,MR        CHAN TAI MAN,111-111111-101,Hang Seng Bank Ltd.,CWTF,Default transaction,
HSBC Referral,21,3,10,,,TRUE,TRUE,,1,,,3/12/2024,,,"10,001.00",,,HKD,,,CHAN,,,null,,,HSBC,,,CHAN,,,111-111111-101,,,HASE,,,null,,,21,10,TRUE,2024-12-03,10001,HKD,CHAN TAI MAN,333-333333-101,The Hongkong and Shanghai Banking Corporation Limited,MR        CHAN TAI MAN,111-111111-101,Hang Seng Bank Ltd.,CWTF,Default transaction,
HSBC Referral,21,3,11,,,TRUE,TRUE,,1,,,3/12/2024,,,"10,003.00",,,HKD,,,CHAN,,,null,,,HSBC,,,CHAN,,,111-111111-101,,,HASE,,,null,,,21,11,TRUE,2024-12-03,10003,HKD,CHAN TAI MAN,333-333333-101,The Hongkong and Shanghai Banking Corporation Limited,MR        CHAN TAI MAN,111-111111-101,Hang Seng Bank Ltd.,CWTF,Default transaction,
HSBC Referral,21,3,12,,,TRUE,TRUE,,1,,,3/12/2024,,,"10,001.00",,,HKD,,,CHAN,,,null,,,HSBC,,,CHAN,,,111-111111-101,,,HASE,,,null,,,21,12,TRUE,2024-12-03,10001,HKD,CHAN TAI MAN,333-333333-101,The Hongkong and Shanghai Banking Corporation Limited,MR        CHAN TAI MAN,111-111111-101,Hang Seng Bank Ltd.,CWTF,Default transaction,
HSBC Referral,21,3,13,,,TRUE,TRUE,,1,,,3/12/2024,,,"7,999.00",,,HKD,,,CHAN,,,null,,,HSBC,,,CHAN,,,111-111111-101,,,HASE,,,null,,,21,13,TRUE,2024-12-03,7999,HKD,CHAN TAI MAN,333-333333-101,The Hongkong and Shanghai Banking Corporation Limited,MR        CHAN TAI MAN,111-111111-101,Hang Seng Bank Ltd.,CWTF,Default transaction,
HSBC Referral,21,3,14,,,TRUE,TRUE,,1,,,3/12/2024,,,"50,001.00",,,HKD,,,CHAN,,,null,,,HSBC,,,CHAN,,,111-111111-101,,,HASE,,,null,,,21,14,TRUE,2024-12-03,50001,HKD,CHAN TAI MAN,333-333333-101,The Hongkong and Shanghai Banking Corporation Limited,MR        CHAN TAI MAN,111-111111-101,Hang Seng Bank Ltd.,CWTF,Default transaction,
Search Warrant,21,4,null,,,,,,,,,,,,,,,,,,,,,,,,,,,,,,,,,,,,,,,,,,,,,,,,,,,,,
HSBC Referral,22,1,1,,,TRUE,TRUE,,1,,,1/12/2024,,,"150,000.00",,,HKD,,,CHAN TAI MAN,,,333-333333-101,,,HSBC,,,CHAN,,,111-111111-101,,,HASE,,,null,,,22,1,TRUE,2024-12-01,null,HKD,CHAN TAI MAN,333-333333-101,The Hongkong and Shanghai Banking Corporation Limited,CHAN TAI MAN,111-111111-101,Hang Seng Bank Ltd.,CWTF,Default transaction,
HSBC Referral,22,1,2,,,TRUE,TRUE,,1,,,1/12/2024,,,"10,575.19",,,HKD,,,CHAN TAI MAN,,,333-333333-101,,,HSBC,,,CHAN,,,111-111111-101,,,HASE,,,null,,,22,2,TRUE,2024-12-01,null,HKD,CHAN TAI MAN,333-333333-101,The Hongkong and Shanghai Banking Corporation Limited,CHAN TAI MAN,111-111111-101,Hang Seng Bank Ltd.,CWTF,Default transaction,
Search Warrant,22,2,3,,,TRUE,FALSE,,1,,,2/12/2024,,,"6,868.00",,,HKD,,,null,,,null,,,null,,,CHAN,,,111-111111-101,,,HASE,,,null,,,,,,,,,,,,,,,,,
HSBC Referral,22,3,4,,,TRUE,TRUE,,1,,,3/12/2024,,,"6,180.00",,,HKD,,,null,,,null,,,null,,,CHAN,,,111-111111-101,,,HASE,,,cash,,,22,4,TRUE,2024-12-03,null,HKD,null,null,null,CHAN TAI MAN,111-111111-101,null,CCAS,CIF CASH DEPOSIT,
HSBC Referral,23,1,1,,,TRUE,TRUE,,1,,,3/12/2024,,,"2,997.00",,,HKD,,,CHAN TAI MAN,,,333-333333-101,,,HSBC,,,CHAN,,,111-111111-101,,,HASE,,,null,,,23,1,TRUE,2024-12-03,2997,HKD,CHAN TAI MAN,333-333333-101,The Hongkong and Shanghai Banking Corporation Limited,CHAN TAI MAN,111-111111-101,Hang Seng Bank Ltd.,CWTF,Default transaction,
HSBC Referral,23,1,2,,,TRUE,TRUE,,1,,,3/12/2024,,,"144,123.00",,,HKD,,,CHEUNG TAK SHING,,,444-4444444-101,,,HSBC,,,CHAN,,,111-111111-101,,,HASE,,,ATM,,,23,2,TRUE,2024-12-03,144123,HKD,CHEUNG TAK SHING,444-4444444-101,null,CHAN TAI MAN,111-111111-101,null,CUTF,ATM TRANSFER UNRELATED   DEPOSIT,
HSBC Referral,23,2,3,,,TRUE,TRUE,,1,,,3/12/2024,,,"50,001.00",,,HKD,,,CHAN TAI MAN,,,333-333333-101,,,HSBC,,,CHAN,,,111-111111-101,,,HASE,,,null,,,23,3,TRUE,2024-12-03,50001,HKD,CHAN TAI MAN,333-333333-101,The Hongkong and Shanghai Banking Corporation Limited,CHAN TAI MAN,111-111111-101,Hang Seng Bank Ltd.,CWTF,Default transaction,
HSBC Referral,23,3,4,,,TRUE,TRUE,,1,,,3/12/2024,,,"7,001.00",,,HKD,,,CHAN TAI MAN,,,333-333333-101,,,HSBC,,,CHAN,,,111-111111-101,,,HASE,,,null,,,23,4,TRUE,2024-12-03,7001,HKD,CHAN TAI MAN,333-333333-101,The Hongkong and Shanghai Banking Corporation Limited,CHAN TAI MAN,111-111111-101,Hang Seng Bank Ltd.,CWTF,Default transaction,
HSBC Referral,23,4,1,,,TRUE,TRUE,,1,,,3/12/2024,,,"2,997.00",,,HKD,,,CHAN TAI MAN,,,333-333333-101,,,HSBC,,,CHAN,,,111-111111-101,,,HASE,,,null,,,23,1,TRUE,2024-12-03,2997,HKD,CHAN TAI MAN,333-333333-101,The Hongkong and Shanghai Banking Corporation Limited,CHAN TAI MAN,111-111111-101,Hang Seng Bank Ltd.,CWTF,Default transaction,
UAR,23,5,1,,,TRUE,TRUE,,1,,,3/12/2024,,,"2,997.00",,,HKD,,,CHAN TAI MAN,,,333-333333-101,,,HSBC,,,CHAN,,,111-111111-101,,,HASE,,,null,,,23,1,TRUE,2024-12-03,2997,HKD,CHAN TAI MAN,333-333333-101,The Hongkong and Shanghai Banking Corporation Limited,CHAN TAI MAN,111-111111-101,Hang Seng Bank Ltd.,CWTF,Default transaction,
HSBC Referral,23,6,5,,,TRUE,TRUE,,1,,,3/12/2024,,,"5,001.00",,,HKD,,,CHAN TAI MAN,,,333-333333-101,,,HSBC,,,CHAN,,,111-111111-101,,,HASE,,,null,,,23,5,TRUE,2024-12-03,5001,HKD,CHAN TAI MAN,333-333333-101,The Hongkong and Shanghai Banking Corporation Limited,CHAN TAI MAN,111-111111-101,Hang Seng Bank Ltd.,CWTF,Default transaction,
UAR,23,7,3,,,TRUE,TRUE,,1,,,3/12/2024,,,"50,001.00",,,HKD,,,CHAN TAI MAN,,,333-333333-101,,,HSBC,,,CHAN,,,111-111111-101,,,HASE,,,null,,,23,3,TRUE,2024-12-03,50001,HKD,CHAN TAI MAN,333-333333-101,The Hongkong and Shanghai Banking Corporation Limited,CHAN TAI MAN,111-111111-101,Hang Seng Bank Ltd.,CWTF,Default transaction,
UAR,23,8,4,,,TRUE,TRUE,,1,,,3/12/2024,,,"7,001.00",,,HKD,,,CHAN TAI MAN,,,333-333333-101,,,HSBC,,,CHAN,,,111-111111-101,,,HASE,,,null,,,23,4,TRUE,2024-12-03,7001,HKD,CHAN TAI MAN,333-333333-101,The Hongkong and Shanghai Banking Corporation Limited,CHAN TAI MAN,111-111111-101,Hang Seng Bank Ltd.,CWTF,Default transaction,
UAR,23,9,5,,,TRUE,TRUE,,1,,,3/12/2024,,,"5,001.00",,,HKD,,,CHAN TAI MAN,,,333-333333-101,,,HSBC,,,CHAN,,,111-111111-101,,,HASE,,,null,,,23,5,TRUE,2024-12-03,5001,HKD,CHAN TAI MAN,333-333333-101,The Hongkong and Shanghai Banking Corporation Limited,CHAN TAI MAN,111-111111-101,Hang Seng Bank Ltd.,CWTF,Default transaction,
Search Warrant,23,10,null,,,,,,,,,,,,,,,,,,,,,,,,,,,,,,,,,,,,,,,,,,,,,,,,,,,,,
UAR,23,11,6,,,TRUE,TRUE,,1,,,3/12/2024,,,"50,001.00",,,HKD,,,CHAN TAI MAN,,,333-333333-101,,,HSBC,,,CHAN,,,111-111111-101,,,HASE,,,null,,,23,6,TRUE,2024-12-03,50001,HKD,CHAN TAI MAN,333-333333-101,The Hongkong and Shanghai Banking Corporation Limited,CHAN TAI MAN,111-111111-101,Hang Seng Bank Ltd.,CWTF,Default transaction,
ADCC,23,12,2,,,TRUE,TRUE,,1,,,3/12/2024,,,"144,123.00",,,HKD,,,CHEUNG TAK SHING,,,444-4444444-101,,,HSBC,,,CHAN,,,111-111111-101,,,HASE,,,ATM,,,23,2,TRUE,2024-12-03,144123,HKD,CHEUNG TAK SHING,444-4444444-101,null,CHAN TAI MAN,111-111111-101,null,CUTF,ATM TRANSFER UNRELATED   DEPOSIT,
ODFT,24,1,1,,,TRUE,TRUE,,1,,,29/11/2024,,,"100,000.00",,,HKD,,,YEUNG KAI,,,666-66666-601,,,Standard Chartered Bank (Hong Kong) Limited,,,CHAN,,,111-111111-101,,,HASE,,,FPS,,,24,1,TRUE,2024-11-29,100000,HKD,YEUNG KAI,666-66666-601,STANDARD CHARTERED BANK (HONG KONG) LIMITED,MR       Chan Tai Man,111-111111-101,Hang Seng Bank Ltd.,CWTF,Default transaction,
UAR,24,2,1,,,TRUE,TRUE,,1,,,29/11/2024,,,"100,000.00",,,HKD,,,YEUNG KAI,,,666-66666-601,,,Standard Chartered Bank (Hong Kong) Limited,,,CHAN,,,111-111111-101,,,HASE,,,FPS,,,24,1,TRUE,2024-11-29,100000,HKD,YEUNG KAI,666-66666-601,STANDARD CHARTERED BANK (HONG KONG) LIMITED,MR       Chan Tai Man,111-111111-101,Hang Seng Bank Ltd.,CWTF,Default transaction,
HSBC Referral,24,3,2,,,TRUE,TRUE,,1,,,29/11/2024,,,"70,000.00",,,HKD,,,MR CHAN TAI MAN,,,333-333333-101,,,HSBC,,,CHAN,,,111-111111-101,,,HASE,,,FPS,,,24,2,TRUE,2024-11-29,70000,HKD,CHAN TAI MAN,333-333333-101,The Hongkong and Shanghai Banking Corporation Limited,MR       Chan Tai Man,111-111111-101,Hang Seng Bank Ltd.,CWTF,Default transaction,
HSBC Referral,24,3,3,,,TRUE,TRUE,,1,,,29/11/2024,,,"100,000.00",,,HKD,,,MR CHAN TAI MAN,,,333-333333-101,,,HSBC,,,CHAN,,,111-111111-101,,,HASE,,,FPS,,,24,3,TRUE,2024-11-29,100000,HKD,CHAN TAI MAN,333-333333-101,The Hongkong and Shanghai Banking Corporation Limited,MR       Chan Tai Man,111-111111-101,Hang Seng Bank Ltd.,CWTF,Default transaction,
HSBC Referral,24,4,3,,,TRUE,TRUE,,1,,,29/11/2024,,,"100,000.00",,,HKD,,,MR CHAN TAI MAN,,,333-333333-101,,,HSBC,,,CHAN,,,111-111111-101,,,HASE,,,FPS,,,24,3,TRUE,2024-11-29,100000,HKD,CHAN TAI MAN,333-333333-101,The Hongkong and Shanghai Banking Corporation Limited,MR       Chan Tai Man,111-111111-101,Hang Seng Bank Ltd.,CWTF,Default transaction,
UAR,24,5,2,,,TRUE,TRUE,,1,,,29/11/2024,,,"70,000.00",,,HKD,,,MR CHAN TAI MAN,,,333-333333-101,,,HSBC,,,CHAN,,,111-111111-101,,,HASE,,,FPS,,,24,2,TRUE,2024-11-29,70000,HKD,CHAN TAI MAN,333-333333-101,The Hongkong and Shanghai Banking Corporation Limited,MR       Chan Tai Man,111-111111-101,Hang Seng Bank Ltd.,CWTF,Default transaction,
UAR,24,6,3,,,TRUE,TRUE,,1,,,29/11/2024,,,"100,000.00",,,HKD,,,MR CHAN TAI MAN,,,333-333333-101,,,HSBC,,,CHAN,,,111-111111-101,,,HASE,,,FPS,,,24,3,TRUE,2024-11-29,100000,HKD,CHAN TAI MAN,333-333333-101,The Hongkong and Shanghai Banking Corporation Limited,MR       Chan Tai Man,111-111111-101,Hang Seng Bank Ltd.,CWTF,Default transaction,
Search Warrant,24,7,null,,,,,,,,,,,,,,,,,,,,,,,,,,,,,,,,,,,,,,,,,,,,,,,,,,,,,
HSBC Referral,25,1,1,,,TRUE,TRUE,,1,,,8/11/2024,,,"25,900.00",,,HKD,,,CHAN TAI MAN,,,333-333333-101,,,HSBC,,,CHAN,,,111-111111-101,,,HASE,,,FPS,,,25,1,TRUE,2024-11-08,25900,HKD,CHAN TAI MAN,333-333333-101,The Hongkong and Shanghai Banking Corporation Limited,MR        CHAN TAI MAN,111-111111-101,Hang Seng Bank Ltd.,CWTF,Default transaction,
UAR,25,2,1,,,TRUE,TRUE,,1,,,8/11/2024,,,"25,900.00",,,HKD,,,CHAN TAI MAN,,,333-333333-101,,,HSBC,,,CHAN,,,111-111111-101,,,HASE,,,FPS,,,25,1,TRUE,2024-11-08,25900,HKD,CHAN TAI MAN,333-333333-101,The Hongkong and Shanghai Banking Corporation Limited,MR        CHAN TAI MAN,111-111111-101,Hang Seng Bank Ltd.,CWTF,Default transaction,
Search Warrant,25,3,null,,,,,,,,,,,,,,,,,,,,,,,,,,,,,,,,,,,,,,,,,,,,,,,,,,,,,
HSBC Referral,26,1,1,,,TRUE,TRUE,,1,,,24/11/2024,,,"12,778.00",,,HKD,,,MS YEUNG KAI,,,666-66666-601,,,HSBC,,,CHAN,,,111-111111-101,,,HASE,,,ATM,,,26,1,TRUE,2024-11-24,12778,HKD,YEUNG KAI,666-66666-601,null,MR        CHAN TAI MAN,111-111111-101,null,CUTF,UNRELATED ELECTRONIC     TRANSFER CREDIT,
HSBC Referral,26,2,2,,,TRUE,TRUE,,1,,,24/11/2024,,,"49,833.00",,,HKD,,,MS TSANG SIU MING,,,666-66666-602,,,HSBC,,,CHAN,,,111-111111-101,,,HASE,,,null,,,,,,,,,,,,,,,,,
HSBC Referral,26,3,2,,,TRUE,TRUE,,1,,,24/11/2024,,,"49,833.00",,,HKD,,,MS TSANG SIU MING,,,666-66666-602,,,HSBC,,,CHAN,,,111-111111-101,,,HASE,,,null,,,,,,,,,,,,,,,,,
HSBC Referral,27,1,1,,,TRUE,TRUE,,1,,,3/1/2025,,,"150,600.00",,,HKD,,,CHAN TAI MAN,,,333-333333-101,,,HSBC,,,CHAN,,,111-111111-101,,,HASE,,,null,,from 1st layer CHAN TAI MAN,27,1,TRUE,2025-01-03,150600,HKD,CHAN TAI MAN,333-333333-101,The Hongkong and Shanghai Banking Corporation Limited,MR CHAN TAI MAN,111-111111-101,Hang Seng Bank Ltd.,CWTF,Default transaction,
HSBC Referral,27,2,2,,,TRUE,TRUE,,1,,,4/1/2025,,,"80,000.00",,,HKD,,,CHAN TAI MAN,,,333-333333-101,,,HSBC,,,CHAN,,,111-111111-101,,,HASE,,,null,,from 1st layer CHAN TAI MAN,27,2,TRUE,2025-01-04,80000,HKD,CHAN TAI MAN,333-333333-101,The Hongkong and Shanghai Banking Corporation Limited,MR CHAN TAI MAN,111-111111-101,Hang Seng Bank Ltd.,CWTF,Default transaction,
HSBC Referral,27,2,3,,,TRUE,TRUE,,1,,,3/1/2025,,,"46,000.00",,,HKD,,,CHAN TAI MAN,,,333-333333-101,,,HSBC,,,CHAN,,,111-111111-101,,,HASE,,,null,,from 1st layer CHAN TAI MAN,27,3,TRUE,2025-01-03,46000,HKD,CHAN TAI MAN,333-333333-101,The Hongkong and Shanghai Banking Corporation Limited,MR CHAN TAI MAN,111-111111-101,Hang Seng Bank Ltd.,CWTF,Default transaction,
HSBC Referral,27,3,4,,,TRUE,TRUE,,1,,,3/1/2025,,,"100,000.00",,,HKD,,,CHAN TAI MAN,,,333-333333-101,,,HSBC,,,CHAN,,,111-111111-101,,,HASE,,,null,,from 1st layer CHAN TAI MAN,27,4,TRUE,2025-01-03,100000,HKD,CHAN TAI MAN,333-333333-101,The Hongkong and Shanghai Banking Corporation Limited,MR CHAN TAI MAN,111-111111-101,Hang Seng Bank Ltd.,CWTF,Default transaction,
UAR,27,4,5,,,TRUE,TRUE,,1,,,3/1/2025,,,"40,200.00",,,HKD,,,CHAN TAI MAN,,,333-333333-101,,,HSBC,,,CHAN,,,111-111111-101,,,HASE,,,null,,,27,5,TRUE,2025-01-03,40200,HKD,CHAN TAI MAN,333-333333-101,The Hongkong and Shanghai Banking Corporation Limited,MR CHAN TAI MAN,111-111111-101,Hang Seng Bank Ltd.,CWTF,Default transaction,
UAR,27,5,6,,,TRUE,FALSE,,1,,,4/1/2025,,,"45,500.00",,,HKD,,,CHAN TAI MAN,,,333-333333-101,,,HSBC,,,CHAN,,,111-111111-101,,,HASE,,,null,,,,,,,,,,,,,,,,,
UAR,27,6,null,,,,,,,,,,,,,,,,,,,,,,,,,,,,,,,,,,,,,,Information received a message (Internal Referral - Payment Team) from remitting bank which requested to disregard previous Intelligence 5.,,,,,,,,,,,,,,,
ADCC,28,1,1,,,TRUE,TRUE,,1,,,30/12/2024,,,"100,000.00",,,HKD,,,null,,,null,,,null,,,CHAN,,,111-111111-101,,,HASE,,,cash,,,,,,,,,,,,,,,,,
ADCC,28,1,2,,,TRUE,TRUE,,2,,,30/12/2024,,,"100,000.00",,,HKD,,,null,,,null,,,null,,,CHUNG,,,111-111111-102,,,HASE,,,cash,,,,,,,,,,,,,,,,,
ADCC,28,1,3,,,TRUE,TRUE,,2,,,31/12/2024,,,"100,000.00",,,HKD,,,null,,,null,,,null,,,CHUNG,,,111-111111-102,,,HASE,,,cash,,,,,,,,,,,,,,,,,
ADCC,28,1,4,,,TRUE,TRUE,,3,,,31/12/2024,,,"100,000.00",,,HKD,,,null,,,null,,,null,,,CHIU,,,111-111111-103,,,HASE,,,cash,,,,,,,,,,,,,,,,,
ADCC,28,1,5,,,TRUE,TRUE,,4,,,30/12/2024,,,"50,000.00",,,HKD,,,null,,,null,,,null,,,CHONG,,,111-111111-104,,,HASE,,,cash,,,28,5,TRUE,2024-12-30,50000,HKD,null,null,null,MR CHONG MAN,111-111111-104,null,CCCS,ATM/CDM CASH CREDIT USINGACCOUNT INPUT,
ADCC,28,1,6,,,TRUE,TRUE,,4,,,30/12/2024,,,"50,000.00",,,HKD,,,null,,,null,,,null,,,CHONG,,,111-111111-104,,,HASE,,,cash,,,28,6,TRUE,2024-12-30,50000,HKD,null,null,null,MR CHONG MAN,111-111111-104,null,CCCS,ATM/CDM CASH CREDIT USINGACCOUNT INPUT,
Police Letter,28,2,1,,,TRUE,TRUE,,1,,,30/12/2024,,,"100,000.00",,,HKD,,,null,,,null,,,null,,,CHAN,,,111-111111-101,,,HASE,,,cash,,,,,,,,,,,,,,,,,
Police Letter,28,2,2,,,TRUE,TRUE,,2,,,30/12/2024,,,"100,000.00",,,HKD,,,null,,,null,,,null,,,CHUNG,,,111-111111-102,,,HASE,,,cash,,,,,,,,,,,,,,,,,
Police Letter,28,2,3,,,TRUE,TRUE,,2,,,31/12/2024,,,"100,000.00",,,HKD,,,null,,,null,,,null,,,CHUNG,,,111-111111-102,,,HASE,,,cash,,,,,,,,,,,,,,,,,
Police Letter,28,2,10,,,TRUE,TRUE,,3,,,30/12/2024,,,"100,000.00",,,HKD,,,null,,,null,,,null,,,CHIU,,,111-111111-103,,,HASE,,,cash,,,28,10,TRUE,2024-12-30,100000,HKD,null,null,null,MR CHIU YAN,111-111111-103,null,CCCS,ATM/CDM CASH CREDIT USINGACCOUNT INPUT,
Police Letter,28,2,4,,,TRUE,TRUE,,3,,,31/12/2024,,,"100,000.00",,,HKD,,,null,,,null,,,null,,,CHIU,,,111-111111-103,,,HASE,,,cash,,,,,,,,,,,,,,,,,
Police Letter,28,2,12,,,TRUE,TRUE,,4,,,30/12/2024,,,"10,000.00",,,HKD,,,null,,,null,,,null,,,CHONG,,,111-111111-104,,,HASE,,,cash,,,,,,,,,,,,,,,,,
ODFT,29,1,1,,,TRUE,TRUE,,1,,,27/12/2024,,,"129,890.00",,,HKD,,,1/YEUNG KAI,,,666-66666-601,,,CHINA CONSTRUCTION BANK CORPORATION,,,CHAN,,,111-111111-101,,,HASE,,,Branch,,,29,1,TRUE,2024-12-27,129890,HKD,1/YEUNG KAI,666-66666-601,PCBCCN■■■■,MR  CHAN TAI MAN,111-111111-101,null,CWTF,WIRE-TRANSFER CREDIT,
ODFT,29,1,2,,,TRUE,TRUE,,1,,,27/12/2024,,,"158,890.00",,,HKD,,,1/YEUNG KAI,,,666-66666-601,,,CHINA CONSTRUCTION BANK CORPORATION,,,CHAN,,,111-111111-101,,,HASE,,,Branch,,,29,2,TRUE,2024-12-27,158890,HKD,1/YEUNG KAI,666-66666-601,PCBCCN■■■■,MR CHAN TAI MAN,111-111111-101,null,CWTF,WIRE-TRANSFER CREDIT,
UAR,29,2,1,,,TRUE,TRUE,,1,,,27/12/2024,,,"129,890.00",,,HKD,,,1/YEUNG KAI,,,666-66666-601,,,CHINA CONSTRUCTION BANK CORPORATION,,,CHAN,,,111-111111-101,,,HASE,,,Branch,,,29,1,TRUE,2024-12-27,129890,HKD,1/YEUNG KAI,666-66666-601,PCBCCN■■■■,MR  CHAN TAI MAN,111-111111-101,null,CWTF,WIRE-TRANSFER CREDIT,
UAR,29,3,2,,,TRUE,TRUE,,1,,,27/12/2024,,,"158,890.00",,,HKD,,,1/YEUNG KAI,,,666-66666-601,,,CHINA CONSTRUCTION BANK CORPORATION,,,CHAN,,,111-111111-101,,,HASE,,,Branch,,,29,2,TRUE,2024-12-27,158890,HKD,1/YEUNG KAI,666-66666-601,PCBCCN■■■■,MR CHAN TAI MAN,111-111111-101,null,CWTF,WIRE-TRANSFER CREDIT,
HSBC Referral,30,1,1,,,TRUE,TRUE,,1,,,3/1/2025,,,300,,,HKD,,,YEUNG KAI,,,666-66666-601,,,HSBC,,,CHAN,,,111-111111-101,,,HASE,,,null,,,30,1,TRUE,2025-01-03,300,HKD,YEUNG KAI,666-66666-601,The Hongkong and Shanghai Banking Corporation Limited,"MR      CHAN, TAIMAN",111-111111-101,Hang Seng Bank Ltd.,FPWICT,Default transaction,
HSBC Referral,30,1,2,,,TRUE,TRUE,,1,,,4/1/2025,,,300,,,HKD,,,YEUNG KAI,,,666-66666-601,,,HSBC,,,CHAN,,,111-111111-101,,,HASE,,,null,,,30,2,TRUE,2025-01-04,300,HKD,YEUNG KAI,666-66666-601,The Hongkong and Shanghai Banking Corporation Limited,"MR      CHAN, TAIMAN",111-111111-101,Hang Seng Bank Ltd.,FPWICT,Default transaction,
UAR,30,2,2,,,TRUE,TRUE,,1,,,4/1/2025,,,300,,,HKD,,,YEUNG KAI,,,666-66666-601,,,HSBC,,,CHAN,,,111-111111-101,,,HASE,,,null,,,30,2,TRUE,2025-01-04,300,HKD,YEUNG KAI,666-66666-601,The Hongkong and Shanghai Banking Corporation Limited,"MR      CHAN, TAIMAN",111-111111-101,Hang Seng Bank Ltd.,FPWICT,Default transaction,
UAR,30,3,1,,,TRUE,TRUE,,1,,,3/1/2025,,,300,,,HKD,,,YEUNG KAI,,,666-66666-601,,,HSBC,,,CHAN,,,111-111111-101,,,HASE,,,null,,,30,1,TRUE,2025-01-03,300,HKD,YEUNG KAI,666-66666-601,The Hongkong and Shanghai Banking Corporation Limited,"MR      CHAN, TAIMAN",111-111111-101,Hang Seng Bank Ltd.,FPWICT,Default transaction,
Search Warrant,30,4,null,,,,,,,,,,,,,,,,,,,,,,,,,,,,,,,,,,,,,,,,,,,,,,,,,,,,,
HSBC Referral,30,5,3,,,TRUE,TRUE,,1,,,5/1/2025,,,"2,320.00",,,HKD,,,TSANG SIU MING,,,666-66666-602,,,HSBC,,,CHAN,,,122222221,,,HASE,,,FPS,,,30,3,TRUE,2025-01-05,2320,HKD,MISS TSANG SIU MING,666-66666-602,The Hongkong and Shanghai Banking Corporation Limited,"MR      CHAN, TAIMAN",111-111111-101,Hang Seng Bank Ltd.,FPWICT,Default transaction,
Search Warrant,30,6,null,,,,,,,,,,,,,,,,,,,,,,,,,,,,,,,,,,,,,,,,,,,,,,,,,,,,,
UAR,30,7,4,,,TRUE,TRUE,,1,,,3/1/2025,,,"32,300.00",,,HKD,,,XIE PANGAN,,,666-66666-603,,,INDUSTRIAL AND COMMERCIAL BANK OF CHINA,,,CHAN,,,122222221,,,HASE,,,FPS,,,30,4,TRUE,2025-01-03,32300,HKD,XIE PANGAN,666-66666-603,INDUSTRIAL AND COMMERCIAL BANK OF CHINA (ASIA) LIMITED,"MR      CHAN, TAIMAN",111-111111-101,Hang Seng Bank Ltd.,FPWICT,Default transaction,
UAR,30,8,5,,,TRUE,TRUE,,1,,,3/1/2025,,,"64,348.00",,,HKD,,,XIE PANGAN,,,666-66666-603,,,INDUSTRIAL AND COMMERCIAL BANK OF CHINA,,,CHAN,,,122222221,,,HASE,,,FPS,,,30,5,TRUE,2025-01-03,64348,HKD,XIE PANGAN,666-66666-603,INDUSTRIAL AND COMMERCIAL BANK OF CHINA (ASIA) LIMITED,"MR      CHAN, TAIMAN",111-111111-101,Hang Seng Bank Ltd.,FPWICT,Default transaction,
UAR,30,9,3,,,TRUE,TRUE,,1,,,5/1/2025,,,"2,320.00",,,HKD,,,TSANG SIU MING,,,666-66666-602,,,HSBC,,,CHAN,,,122222221,,,HASE,,,FPS,,,30,3,TRUE,2025-01-05,2320,HKD,MISS TSANG SIU MING,666-66666-602,The Hongkong and Shanghai Banking Corporation Limited,"MR      CHAN, TAIMAN",111-111111-101,Hang Seng Bank Ltd.,FPWICT,Default transaction,
Police Letter,30,10,6,,,TRUE,TRUE,,1,,,3/1/2025,,,"30,000.00",,,HKD,,,Victim,,,null,,,null,,,CHAN,,,111-111111-101,,,HASE,,,was deposit by cash,,,30,6,TRUE,2025-01-03,30000,HKD,null,null,null,"MR      CHAN, TAIMAN",111-111111-101,null,ATMCCD,CASH DEP VIA CDM/BCDM -  AC INPUT (TOUCH SCREEN),
ADCC,31,1,1,,,TRUE,TRUE,,1,,,4/2/2025,,,"110,555.00",,,HKD,,,CHEUNG TAK SHING,,,444-4444444-101,,,CCBA,,,CHAN,,,111-111111-101,,,HASE,,,null,,,31,1,TRUE,2025-02-04,110555,C,CHEUNG TAK SHING,444-4444444-101,China Construction Bank (Asia) Corporation Limited,CHAN TAI MAN,111-111111-101,Hang Seng Bank Ltd.,CWTF,Default transaction,
ADCC,31,1,2,,,TRUE,TRUE,,1,,,4/2/2025,,,"50,000.00",,,HKD,,,CHEUNG TAK SHING,,,444-4444444-101,,,CCBA,,,CHAN,,,111-111111-101,,,HASE,,,null,,,31,2,TRUE,2025-02-04,50000,C,CHEUNG TAK SHING,444-4444444-101,China Construction Bank (Asia) Corporation Limited,CHAN TAI MAN,111-111111-101,Hang Seng Bank Ltd.,CWTF,Default transaction,
ADCC,31,1,3,,,TRUE,TRUE,,1,,,5/2/2025,,,"200,000.00",,,HKD,,,CHEUNG TAK SHING,,,444-4444444-101,,,CCBA,,,CHAN,,,111-111111-101,,,HASE,,,null,,,31,3,TRUE,2025-02-05,200000,C,CHEUNG TAK SHING,444-4444444-101,China Construction Bank (Asia) Corporation Limited,CHAN TAI MAN,111-111111-101,Hang Seng Bank Ltd.,CWTF,Default transaction,
ADCC,31,1,4,,,TRUE,TRUE,,1,,,5/2/2025,,,"200,000.00",,,HKD,,,CHEUNG TAK SHING,,,444-4444444-101,,,DBS,,,CHAN,,,111-111111-101,,,HASE,,,null,,,31,4,TRUE,2025-02-05,200000,C,CHEUNG TAK SHING,666-666666-101,DBS Bank (Hong Kong) Ltd.,CHAN TAI MAN,111-111111-101,Hang Seng Bank Ltd.,CWTF,Default transaction,
UAR,31,2,3,,,TRUE,TRUE,,1,,,5/2/2025,,,"200,000.00",,,HKD,,,CHEUNG TAK SHING,,,444-4444444-101,,,CCBA,,,CHAN,,,111-111111-101,,,HASE,,,null,,,31,3,TRUE,2025-02-05,200000,C,CHEUNG TAK SHING,444-4444444-101,China Construction Bank (Asia) Corporation Limited,CHAN TAI MAN,111-111111-101,Hang Seng Bank Ltd.,CWTF,Default transaction,
UAR,31,3,1,,,TRUE,TRUE,,1,,,4/2/2025,,,"110,555.00",,,HKD,,,CHEUNG TAK SHING,,,444-4444444-101,,,CCBA,,,CHAN,,,111-111111-101,,,HASE,,,null,,,31,1,TRUE,2025-02-04,110555,C,CHEUNG TAK SHING,444-4444444-101,China Construction Bank (Asia) Corporation Limited,CHAN TAI MAN,111-111111-101,Hang Seng Bank Ltd.,CWTF,Default transaction,
UAR,31,4,2,,,TRUE,TRUE,,1,,,4/2/2025,,,"50,000.00",,,HKD,,,CHEUNG TAK SHING,,,444-4444444-101,,,CCBA,,,CHAN,,,111-111111-101,,,HASE,,,null,,,31,2,TRUE,2025-02-04,50000,C,CHEUNG TAK SHING,444-4444444-101,China Construction Bank (Asia) Corporation Limited,CHAN TAI MAN,111-111111-101,Hang Seng Bank Ltd.,CWTF,Default transaction,
UAR,31,5,4,,,TRUE,TRUE,,1,,,5/2/2025,,,"200,000.00",,,HKD,,,CHEUNG TAK SHING,,,444-4444444-101,,,DBS,,,CHAN,,,111-111111-101,,,HASE,,,null,,,31,4,TRUE,2025-02-05,200000,C,CHEUNG TAK SHING,666-666666-101,DBS Bank (Hong Kong) Ltd.,CHAN TAI MAN,111-111111-101,Hang Seng Bank Ltd.,CWTF,Default transaction,
Police Letter,31,6,1,,,TRUE,TRUE,,1,,,4/2/2025,,,"110,555.00",,,HKD,,,CHEUNG TAK SHING,,,444-4444444-101,,,CCBA,,,CHAN,,,111-111111-101,,,HASE,,,null,,,31,1,TRUE,2025-02-04,110555,C,CHEUNG TAK SHING,444-4444444-101,China Construction Bank (Asia) Corporation Limited,CHAN TAI MAN,111-111111-101,Hang Seng Bank Ltd.,CWTF,Default transaction,
Police Letter,31,6,2,,,TRUE,TRUE,,1,,,4/2/2025,,,"50,000.00",,,HKD,,,CHEUNG TAK SHING,,,444-4444444-101,,,CCBA,,,CHAN,,,111-111111-101,,,HASE,,,null,,,31,2,TRUE,2025-02-04,50000,C,CHEUNG TAK SHING,444-4444444-101,China Construction Bank (Asia) Corporation Limited,CHAN TAI MAN,111-111111-101,Hang Seng Bank Ltd.,CWTF,Default transaction,
Police Letter,31,6,3,,,TRUE,TRUE,,1,,,5/2/2025,,,"200,000.00",,,HKD,,,CHEUNG TAK SHING,,,444-4444444-101,,,CCBA,,,CHAN,,,111-111111-101,,,HASE,,,null,,,31,3,TRUE,2025-02-05,200000,C,CHEUNG TAK SHING,444-4444444-101,China Construction Bank (Asia) Corporation Limited,CHAN TAI MAN,111-111111-101,Hang Seng Bank Ltd.,CWTF,Default transaction,
Police Letter,31,6,4,,,TRUE,TRUE,,1,,,5/2/2025,,,"200,000.00",,,HKD,,,CHEUNG TAK SHING,,,444-4444444-101,,,DBS,,,CHAN,,,111-111111-101,,,HASE,,,null,,,31,4,TRUE,2025-02-05,200000,C,CHEUNG TAK SHING,666-666666-101,DBS Bank (Hong Kong) Ltd.,CHAN TAI MAN,111-111111-101,Hang Seng Bank Ltd.,CWTF,Default transaction,
Search Warrant,31,7,null,,,,,,,,,,,,,,,,,,,,,,,,,,,,,,,,,,,,,,,,,,,,,,,,,,,,,
Police Letter,32,1,1,,,TRUE,FALSE,,1,,,15/8/2024,,,"5,000.00",,,HKD,,,CHAN,,,333-333333-101,,,HSB,,,CHAN,,,111-111111-101,,,HASE,,,null,,,,,,,,,,,,,,,,,
HSBC Referral,32,2,2,,,TRUE,TRUE,,1,,,7/8/2024,,,"4,000.00",,,HKD,,,CHUNG SIU,,,333-333333-102,,,HSBC,,,CHAN,,,111-111111-101,,,HASE,,,null,,from 1st layer CHUNG SIU,32,2,TRUE,2024-08-07,4000,HKD,CHUNG SIU,333-333333-102,The Hongkong and Shanghai Banking Corporation Limited,CHAN TAI MAN,111-111111-101,Hang Seng Bank Ltd.,CWTF,Default transaction,
UAR,32,3,2,,,TRUE,TRUE,,1,,,7/8/2024,,,"4,000.00",,,HKD,,,CHUNG SIU,,,333-333333-102,,,HSBC,,,CHAN,,,111-111111-101,,,HASE,,,null,,from 1st layer CHUNG SIU,32,2,TRUE,2024-08-07,4000,HKD,CHUNG SIU,333-333333-102,The Hongkong and Shanghai Banking Corporation Limited,CHAN TAI MAN,111-111111-101,Hang Seng Bank Ltd.,CWTF,Default transaction,
HSBC Referral,33,1,1,,,TRUE,TRUE,,1,,,3/1/2024,3/1/2025,,"49,553.00",,,HKD,,,CHEUNG TAK SHING,,,444-4444444-101,,,HSBC,,,CHAN,,,111-111111-101,,,HASE,,,null,,,33,1,TRUE,2025-01-03,49553,HKD,CHEUNG TAK SHING,444-4444444-101,null,CHAN TAI MAN,111-111111-101,null,CUTF,ATM TRANSFER UNRELATED   DEPOSIT,
HSBC Referral,33,1,2,,,TRUE,TRUE,,1,,,3/1/2024,3/1/2025,,"78,123.00",,,HKD,,,CHEUNG TAK SHING,,,444-4444444-101,,,HSBC,,,CHAN,,,111-111111-101,,,HASE,,,null,,,33,2,TRUE,2025-01-03,78123,HKD,CHEUNG TAK SHING,444-4444444-101,null,CHAN TAI MAN,111-111111-101,null,CUTF,ATM TRANSFER UNRELATED   DEPOSIT,
HSBC Referral,33,1,3,,,TRUE,TRUE,,1,,,3/1/2024,3/1/2025,,"1,612.00",,,HKD,,,CHEUNG TAK SHING,,,444-4444444-101,,,HSBC,,,CHAN,,,111-111111-101,,,HASE,,,null,,,33,3,TRUE,2025-01-03,1612,HKD,CHEUNG TAK SHING,444-4444444-101,null,CHAN TAI MAN,111-111111-101,null,CUTF,ATM TRANSFER UNRELATED   DEPOSIT,
Search Warrant,33,2,null,,,,,,,,,,,,,,,,,,,,,,,,,,,,,,,,,,,,,,,,,,,,,,,,,,,,,
UAR,33,3,4,,,TRUE,TRUE,,1,,,3/1/2025,3/1/2025,,"18,000.00",,,HKD,,,YAN MEI MEI,,,444-4444444-102,,,STANDARD CHARTERED BANK (HONG KONG) LIMITED,,,CHAN,,,111-111111-101,,,HASE,,,null,,,33,4,TRUE,2025-01-03,18000,HKD,YAN MEI MEI,444-4444444-102,STANDARD CHARTERED BANK (HONG KONG) LIMITED,CHAN TAI MAN,111-111111-101,Hang Seng Bank Ltd.,CWTF,Default transaction,
Police Letter,33,4,5,,,TRUE,TRUE,,1,,,3/1/2025,,,"20,000.00",,,HKD,,,TAN FUNG,,,444-4444444-103,,,BOC,,,CHAN,,,111-111111-101,,,HASE,,,null,,,33,5,TRUE,2025-01-03,20000,HKD,TAN FUNG,444-4444444-103,Bank of China (Hong Kong) Limited,CHAN TAI MAN,111-111111-101,Hang Seng Bank Ltd.,CWTF,Default transaction,
Police Letter,33,5,1,,,TRUE,TRUE,,1,,,3/1/2024,3/1/2025,,"49,553.00",,,HKD,,,CHEUNG TAK SHING,,,444-4444444-101,,,HSBC,,,CHAN,,,111-111111-101,,,HASE,,,null,,,33,1,TRUE,2025-01-03,49553,HKD,CHEUNG TAK SHING,444-4444444-101,null,CHAN TAI MAN,111-111111-101,null,CUTF,ATM TRANSFER UNRELATED   DEPOSIT,
Police Letter,33,6,6,,,TRUE,TRUE,,1,,,2/1/2025,,,"4,000.00",,,HKD,,,PANG YA SHI,,,444-4444444-104,,,BOC,,,CHAN,,,111-111111-101,,,HASE,,,null,,,33,6,TRUE,2025-01-02,4000,HKD,PANG YA SHI,444-4444444-104,Bank of China (Hong Kong) Limited,CHAN TAI MAN,111-111111-101,Hang Seng Bank Ltd.,CWTF,Default transaction,
HSBC Referral,34,1,1,,,TRUE,TRUE,,1,,,5/1/2025,,,"200,000.00",,,HKD,,,CHAN,,,333-333333-101,,,HSBC,,,CHAN,,,111-111111-101,,,HASE,,,null,,same name HSBC account,34,1,TRUE,2025-01-05,200000,HKD,CHAN TAI MAN,333-333333-101,The Hongkong and Shanghai Banking Corporation Limited,CHAN TAI MAN,111-111111-101,Hang Seng Bank Ltd.,CWTF,Default transaction,
HSBC Referral,34,1,2,,,TRUE,TRUE,,1,,,5/1/2025,,,"200,000.00",,,HKD,,,CHAN,,,333-333333-101,,,HSBC,,,CHAN,,,111-111111-101,,,HASE,,,null,,same name HSBC account,34,2,TRUE,2025-01-05,200000,HKD,CHAN TAI MAN,333-333333-101,The Hongkong and Shanghai Banking Corporation Limited,CHAN TAI MAN,111-111111-101,Hang Seng Bank Ltd.,CWTF,Default transaction,
HSBC Referral,34,1,3,,,TRUE,TRUE,,1,,,5/1/2025,,,"12,300.00",,,HKD,,,CHAN,,,333-333333-101,,,HSBC,,,CHAN,,,111-111111-101,,,HASE,,,null,,same name HSBC account,34,3,TRUE,2025-01-05,12300,HKD,CHAN TAI MAN,333-333333-101,The Hongkong and Shanghai Banking Corporation Limited,CHAN TAI MAN,111-111111-101,Hang Seng Bank Ltd.,CWTF,Default transaction,
HSBC Referral,34,2,1,,,TRUE,TRUE,,1,,,5/1/2025,,,"200,000.00",,,HKD,,,CHAN,,,333-333333-101,,,HSBC,,,CHAN,,,111-111111-101,,,HASE,,,null,,same name HSBC account,34,1,TRUE,2025-01-05,200000,HKD,CHAN TAI MAN,333-333333-101,The Hongkong and Shanghai Banking Corporation Limited,CHAN TAI MAN,111-111111-101,Hang Seng Bank Ltd.,CWTF,Default transaction,
HSBC Referral,34,2,2,,,TRUE,TRUE,,1,,,5/1/2025,,,"200,000.00",,,HKD,,,CHAN,,,333-333333-101,,,HSBC,,,CHAN,,,111-111111-101,,,HASE,,,null,,same name HSBC account,34,2,TRUE,2025-01-05,200000,HKD,CHAN TAI MAN,333-333333-101,The Hongkong and Shanghai Banking Corporation Limited,CHAN TAI MAN,111-111111-101,Hang Seng Bank Ltd.,CWTF,Default transaction,
HSBC Referral,34,2,3,,,TRUE,TRUE,,1,,,5/1/2025,,,"12,300.00",,,HKD,,,CHAN,,,333-333333-101,,,HSBC,,,CHAN,,,111-111111-101,,,HASE,,,null,,same name HSBC account,34,3,TRUE,2025-01-05,12300,HKD,CHAN TAI MAN,333-333333-101,The Hongkong and Shanghai Banking Corporation Limited,CHAN TAI MAN,111-111111-101,Hang Seng Bank Ltd.,CWTF,Default transaction,
HSBC Referral,34,3,4,,,TRUE,TRUE,,1,,,5/1/2025,,,"50,000.00",,,HKD,,,CHAN,,,333-333333-101,,,HSBC,,,CHAN,,,111-111111-101,,,HASE,,,null,,same name HSBC account,34,4,TRUE,2025-01-05,50000,HKD,CHAN TAI MAN,333-333333-101,The Hongkong and Shanghai Banking Corporation Limited,CHAN TAI MAN,111-111111-101,Hang Seng Bank Ltd.,CWTF,Default transaction,
ADCC,35,1,1,,,TRUE,TRUE,,1,,,20/1/2025,,,"130,000.00",,,HKD,,,CHEUNG TAK SHING,,,444-4444444-101,,,Bank of Communications (Hong Kong) Ltd.,,,CHAN,,,111-111111-101,,,HASE,,,null,,,35,1,TRUE,2025-01-20,130000,HKD,CHEUNG TAK SHING,444-4444444-101,Bank of Communications (Hong Kong) Ltd.,CHAN TAI MAN,111-111111-101,Hang Seng Bank Ltd.,CWTF,Default transaction,
ODFT,36,1,1,,,TRUE,TRUE,,2,,,2/1/2025,,,"10,000.00",,,HKD,,,CHEUNG,,,222-222222-101,,,HSB,,,CHUNG SIU,,,333-333333-102,,,The Bank of East Asia,,,null,,,36,1,TRUE,2025-01-02,10000,HKD,null,222-222222-101,Hang Seng Bank Ltd.,CHUNG SIU,333-333333-102,"The Bank of East Asia, Limited",DWTF,Default transaction,
ODFT,36,1,2,,,TRUE,TRUE,,2,,,2/1/2025,,,"8,000.00",,,HKD,,,CHEUNG,,,222-222222-101,,,HSB,,,CHUNG SIU,,,333-333333-102,,,The Bank of East Asia,,,null,,,36,2,TRUE,2025-01-02,8000,HKD,null,222-222222-101,Hang Seng Bank Ltd.,CHUNG SIU,333-333333-102,"The Bank of East Asia, Limited",DWTF,Default transaction,
ODFT,36,1,3,,,TRUE,FALSE,,2,,,2/1/2025,,,"10,000.00",,,HKD,,,CHEUNG,,,222-222222-101,,,HSB,,,CHUNG SIU,,,333-333333-102,,,The Bank of East Asia,,,null,,,,,,,,,,,,,,,,,
ODFT,36,1,4,,,TRUE,FALSE,,2,,,2/1/2025,,,"10,000.00",,,HKD,,,CHEUNG,,,222-222222-101,,,HSB,,,CHUNG SIU,,,333-333333-102,,,The Bank of East Asia,,,null,,,,,,,,,,,,,,,,,
ODFT,36,1,5,,,TRUE,FALSE,,2,,,2/1/2025,,,"5,000.00",,,HKD,,,CHEUNG,,,222-222222-101,,,HSB,,,CHUNG SIU,,,333-333333-102,,,The Bank of East Asia,,,null,,,,,,,,,,,,,,,,,
ODFT,36,1,6,,,TRUE,FALSE,,2,,,2/1/2025,,,"5,000.00",,,HKD,,,CHEUNG,,,222-222222-101,,,HSB,,,CHUNG SIU,,,333-333333-102,,,The Bank of East Asia,,,null,,,,,,,,,,,,,,,,,
ODFT,36,1,7,,,TRUE,FALSE,,2,,,2/1/2025,,,"2,000.00",,,HKD,,,CHEUNG,,,222-222222-101,,,HSB,,,CHUNG SIU,,,333-333333-102,,,The Bank of East Asia,,,null,,,,,,,,,,,,,,,,,
ODFT,36,1,8,,,TRUE,FALSE,,1,,,2/1/2025,,,"30,000.00",,,HKD,,,CHEUNG,,,222-222222-101,,,HSB,,,CHAN,,,111-111111-101,,,HSB,,,null,,,,,,,,,,,,,,,,,
ODFT,36,1,9,,,TRUE,FALSE,,1,,,2/1/2025,,,"30,000.00",,,HKD,,,CHEUNG,,,222-222222-101,,,HSB,,,CHAN,,,111-111111-101,,,HSB,,,null,,,,,,,,,,,,,,,,,
ODFT,36,1,10,,,TRUE,FALSE,,1,,,2/1/2025,,,"10,000.00",,,HKD,,,CHEUNG,,,222-222222-101,,,HSB,,,CHAN,,,111-111111-101,,,HSB,,,null,,,,,,,,,,,,,,,,,
ODFT,36,1,11,,,TRUE,FALSE,,1,,,2/1/2025,,,"10,000.00",,,HKD,,,CHEUNG,,,222-222222-101,,,HSB,,,CHAN,,,111-111111-101,,,HSB,,,null,,,,,,,,,,,,,,,,,
ADCC,37,1,1,,,TRUE,TRUE,,1,,,31/12/2024,,,"55,100.00",,,HKD,,,CHEUNG,,,222-222222-101,,,HASE,,,CHAN,,,111-111111-101,,,HASE,,,null,,,37,1,TRUE,2024-12-31,55100,HKD,CHEUNG TAK SHING,222-222222-101,null,CHAN TAI MAN,111-111111-101,null,CUTF,DCP UNRELATED ELECTRONIC TRANSFER CREDIT FROM PIB,
ADCC,37,1,2,,,TRUE,TRUE,,1,,,31/12/2024,,,"66,120.00",,,HKD,,,CHEUNG,,,222-222222-101,,,HASE,,,CHAN,,,111-111111-101,,,HASE,,,null,,,37,2,TRUE,2024-12-31,66120,HKD,CHEUNG TAK SHING,222-222222-101,null,CHAN TAI MAN,111-111111-101,null,CUTF,DCP UNRELATED ELECTRONIC TRANSFER CREDIT FROM PIB,
ADCC,37,1,3,,,TRUE,TRUE,,1,,,1/1/2025,,,"52,460.00",,,HKD,,,CHEUNG,,,222-222222-101,,,HASE,,,CHAN,,,111-111111-101,,,HASE,,,null,,,37,3,TRUE,2025-01-01,52460,HKD,CHEUNG TAK SHING,222-222222-101,null,CHAN TAI MAN,111-111111-101,null,CUTF,DCP UNRELATED ELECTRONIC TRANSFER CREDIT FROM PIB,
ADCC,37,1,4,,,TRUE,TRUE,,2,,,2/1/2025,,,"113,504.00",,,HKD,,,CHEUNG,,,222-222222-101,,,HASE,,,CHUNG,,,111-111111-102,,,HASE,,,null,,,37,4,TRUE,2025-01-02,113504,HKD,CHEUNG TAK SHING,222-222222-101,null,CHUNG SIU,111-111111-102,null,CUTF,DCP UNRELATED ELECTRONIC TRANSFER CREDIT FROM PIB,
HSBC Referral,37,2,5,,,TRUE,TRUE,,2,,,2/1/2025,,,"2,000.00",,,HKD,,,YAN MEI MEI,,,444-4444444-102,,,HSBC,,,CHUNG,,,111-111111-102,,,HASE,,,null,,,37,5,TRUE,2025-01-02,2000,HKD,YAN MEI MEI,444-4444444-102,The Hongkong and Shanghai Banking Corporation Limited,CHUNG SIU,111-111111-102,Hang Seng Bank Ltd.,CWTF,Default transaction,
UAR,37,3,5,,,TRUE,TRUE,,2,,,2/1/2025,,,"2,000.00",,,HKD,,,YAN MEI MEI,,,444-4444444-102,,,HSBC,,,CHUNG,,,111-111111-102,,,HASE,,,null,,,37,5,TRUE,2025-01-02,2000,HKD,YAN MEI MEI,444-4444444-102,The Hongkong and Shanghai Banking Corporation Limited,CHUNG SIU,111-111111-102,Hang Seng Bank Ltd.,CWTF,Default transaction,
UAR,37,4,6,,,TRUE,TRUE,,2,,,2/1/2025,,,"2,600.00",,,HKD,,,TAN FUNG,,,444-4444444-103,,,STANDARD CHARTERED BANK (HONG KONG) LIMITED,,,CHUNG,,,111-111111-102,,,HASE,,,null,,,37,6,TRUE,2025-01-02,2600,HKD,TAN FUNG,444-4444444-103,STANDARD CHARTERED BANK (HONG KONG) LIMITED,CHUNG SIU,111-111111-102,Hang Seng Bank Ltd.,CWTF,Default transaction,
Search Warrant,37,5,null,,,,,,,,,,,,,,,,,,,,,,,,,,,,,,,,,,,,,,,,,,,,,,,,,,,,,
ADCC,38,1,1,,,TRUE,TRUE,,1,,,29/12/2024,,,"116,523.87",,,HKD,,,CHEUNG TAK SHING,,,444-4444444-101,,,HSBC,,,CHAN,,,111-111111-101,,,HASE,,,null,,,38,1,TRUE,2024-12-29,116523.87,HKD,CHEUNG TAK SHING,444-4444444-101,The Hongkong and Shanghai Banking Corporation Limited,CHAN TAI MAN,111-111111-101,Hang Seng Bank Ltd.,CWTF,Default transaction,
UAR,38,2,1,,,TRUE,TRUE,,1,,,29/12/2024,,,"116,523.87",,,HKD,,,CHEUNG TAK SHING,,,444-4444444-101,,,HSBC,,,CHAN,,,111-111111-101,,,HASE,,,null,,,38,1,TRUE,2024-12-29,116523.87,HKD,CHEUNG TAK SHING,444-4444444-101,The Hongkong and Shanghai Banking Corporation Limited,CHAN TAI MAN,111-111111-101,Hang Seng Bank Ltd.,CWTF,Default transaction,
ADCC,38,3,2,,,TRUE,TRUE,,1,,,30/12/2024,,,"150,000.00",,,HKD,,,YAN MEI MEI,,,444-4444444-102,,,Bank of China (Hong Kong) Limited,,,CHAN,,,111-111111-101,,,HASE,,,null,,,38,2,TRUE,2024-12-30,150000,HKD,YAN MEI MEI,444-4444444-102,Bank of China (Hong Kong) Limited,CHAN TAI MAN,111-111111-101,Hang Seng Bank Ltd.,CWTF,Default transaction,
Search Warrant,38,4,null,,,,,,,,,,,,,,,,,,,,,,,,,,,,,,,,,,,,,,,,,,,,,,,,,,,,,
Police Letter,38,5,3,,,TRUE,TRUE,,1,,,30/12/2024,,,"10,000.00",,,HKD,,,TAN FUNG,,,444-4444444-103,,,Bank of China (Hong Kong) Limited,,,CHAN,,,111-111111-101,,,HASE,,,null,,,38,3,TRUE,2024-12-30,10000,HKD,TAN FUNG,444-4444444-103,Bank of China (Hong Kong) Limited,CHAN TAI MAN,111-111111-101,Hang Seng Bank Ltd.,CWTF,Default transaction,
Police Letter,38,6,2,,,TRUE,TRUE,,1,,,30/12/2024,,,"150,000.00",,,HKD,,,YAN MEI MEI,,,444-4444444-102,,,Bank of China (Hong Kong) Limited,,,CHAN,,,111-111111-101,,,HASE,,,null,,,38,2,TRUE,2024-12-30,150000,HKD,YAN MEI MEI,444-4444444-102,Bank of China (Hong Kong) Limited,CHAN TAI MAN,111-111111-101,Hang Seng Bank Ltd.,CWTF,Default transaction,
ADCC,39,1,1,,,TRUE,TRUE,,1,,,2/1/2025,,,"100,000.00",,,HKD,,,CHAN TAI MAN,,,333-333333-101,,,SCB,,,CHAN,,,111-111111-101,,,HASE,,,null,,,39,1,TRUE,2025-01-02,100000,HKD,CHAN TAI MAN,333-333333-101,STANDARD CHARTERED BANK (HONG KONG) LIMITED,CHAN TAI MAN,111-111111-101,Hang Seng Bank Ltd.,CWTF,Default transaction,
ADCC,39,1,2,,,TRUE,TRUE,,1,,,2/1/2025,,,"100,000.00",,,HKD,,,CHAN TAI MAN,,,333-333333-101,,,SCB,,,CHAN,,,111-111111-101,,,HASE,,,null,,,39,2,TRUE,2025-01-02,100000,HKD,CHAN TAI MAN,333-333333-101,STANDARD CHARTERED BANK (HONG KONG) LIMITED,CHAN TAI MAN,111-111111-101,Hang Seng Bank Ltd.,CWTF,Default transaction,
ADCC,39,1,3,,,TRUE,TRUE,,1,,,2/1/2025,,,"100,000.00",,,HKD,,,CHAN TAI MAN,,,333-333333-101,,,SCB,,,CHAN,,,111-111111-101,,,HASE,,,null,,,39,3,TRUE,2025-01-02,100000,HKD,CHAN TAI MAN,333-333333-101,STANDARD CHARTERED BANK (HONG KONG) LIMITED,CHAN TAI MAN,111-111111-101,Hang Seng Bank Ltd.,CWTF,Default transaction,
ADCC,39,1,4,,,TRUE,TRUE,,1,,,2/1/2025,,,"100,000.00",,,HKD,,,CHAN TAI MAN,,,333-333333-101,,,SCB,,,CHAN,,,111-111111-101,,,HASE,,,null,,,39,4,TRUE,2025-01-02,100000,HKD,CHAN TAI MAN,333-333333-101,STANDARD CHARTERED BANK (HONG KONG) LIMITED,CHAN TAI MAN,111-111111-101,Hang Seng Bank Ltd.,CWTF,Default transaction,
ADCC,39,1,5,,,TRUE,TRUE,,1,,,2/1/2025,,,"100,000.00",,,HKD,,,CHAN TAI MAN,,,333-333333-101,,,SCB,,,CHAN,,,111-111111-101,,,HASE,,,null,,,39,5,TRUE,2025-01-02,100000,HKD,CHAN TAI MAN,333-333333-101,STANDARD CHARTERED BANK (HONG KONG) LIMITED,CHAN TAI MAN,111-111111-101,Hang Seng Bank Ltd.,CWTF,Default transaction,
ADCC,39,1,6,,,TRUE,TRUE,,1,,,2/1/2025,,,"100,000.00",,,HKD,,,CHAN TAI MAN,,,333-333333-101,,,SCB,,,CHAN,,,111-111111-101,,,HASE,,,null,,,39,6,TRUE,2025-01-02,100000,HKD,CHAN TAI MAN,333-333333-101,STANDARD CHARTERED BANK (HONG KONG) LIMITED,CHAN TAI MAN,111-111111-101,Hang Seng Bank Ltd.,CWTF,Default transaction,
ADCC,39,1,7,,,TRUE,TRUE,,1,,,2/1/2025,,,"100,000.00",,,HKD,,,CHAN TAI MAN,,,333-333333-101,,,SCB,,,CHAN,,,111-111111-101,,,HASE,,,null,,,39,7,TRUE,2025-01-02,100000,HKD,CHAN TAI MAN,333-333333-101,STANDARD CHARTERED BANK (HONG KONG) LIMITED,CHAN TAI MAN,111-111111-101,Hang Seng Bank Ltd.,CWTF,Default transaction,
ADCC,39,1,8,,,TRUE,TRUE,,1,,,2/1/2025,,,"100,000.00",,,HKD,,,CHAN TAI MAN,,,333-333333-101,,,SCB,,,CHAN,,,111-111111-101,,,HASE,,,null,,,39,8,TRUE,2025-01-02,100000,HKD,CHAN TAI MAN,333-333333-101,STANDARD CHARTERED BANK (HONG KONG) LIMITED,CHAN TAI MAN,111-111111-101,Hang Seng Bank Ltd.,CWTF,Default transaction,
ADCC,39,1,9,,,TRUE,TRUE,,1,,,2/1/2025,,,"100,000.00",,,HKD,,,CHAN TAI MAN,,,333-333333-101,,,SCB,,,CHAN,,,111-111111-101,,,HASE,,,null,,,39,9,TRUE,2025-01-02,100000,HKD,CHAN TAI MAN,333-333333-101,STANDARD CHARTERED BANK (HONG KONG) LIMITED,CHAN TAI MAN,111-111111-101,Hang Seng Bank Ltd.,CWTF,Default transaction,
ADCC,39,1,10,,,TRUE,TRUE,,1,,,2/1/2025,,,"100,000.00",,,HKD,,,CHAN TAI MAN,,,333-333333-101,,,SCB,,,CHAN,,,111-111111-101,,,HASE,,,null,,,39,10,TRUE,2025-01-02,100000,HKD,CHAN TAI MAN,333-333333-101,STANDARD CHARTERED BANK (HONG KONG) LIMITED,CHAN TAI MAN,111-111111-101,Hang Seng Bank Ltd.,CWTF,Default transaction,
ADCC,39,1,11,,,TRUE,TRUE,,1,,,2/1/2025,,,"100,000.00",,,HKD,,,CHAN TAI MAN,,,333-333333-101,,,SCB,,,CHAN,,,111-111111-101,,,HASE,,,null,,,39,11,TRUE,2025-01-02,100000,HKD,CHAN TAI MAN,333-333333-101,STANDARD CHARTERED BANK (HONG KONG) LIMITED,CHAN TAI MAN,111-111111-101,Hang Seng Bank Ltd.,CWTF,Default transaction,
ADCC,39,1,12,,,TRUE,TRUE,,1,,,2/1/2025,,,"100,000.00",,,HKD,,,CHAN TAI MAN,,,333-333333-101,,,SCB,,,CHAN,,,111-111111-101,,,HASE,,,null,,,39,12,TRUE,2025-01-02,100000,HKD,CHAN TAI MAN,333-333333-101,STANDARD CHARTERED BANK (HONG KONG) LIMITED,CHAN TAI MAN,111-111111-101,Hang Seng Bank Ltd.,CWTF,Default transaction,
ADCC,39,1,13,,,TRUE,TRUE,,1,,,2/1/2025,,,"100,000.00",,,HKD,,,CHAN TAI MAN,,,333-333333-101,,,SCB,,,CHAN,,,111-111111-101,,,HASE,,,null,,,39,13,TRUE,2025-01-02,100000,HKD,CHAN TAI MAN,333-333333-101,STANDARD CHARTERED BANK (HONG KONG) LIMITED,CHAN TAI MAN,111-111111-101,Hang Seng Bank Ltd.,CWTF,Default transaction,
ADCC,39,1,14,,,TRUE,TRUE,,1,,,2/1/2025,,,"100,000.00",,,HKD,,,CHAN TAI MAN,,,333-333333-101,,,SCB,,,CHAN,,,111-111111-101,,,HASE,,,null,,,39,14,TRUE,2025-01-02,100000,HKD,CHAN TAI MAN,333-333333-101,STANDARD CHARTERED BANK (HONG KONG) LIMITED,CHAN TAI MAN,111-111111-101,Hang Seng Bank Ltd.,CWTF,Default transaction,
ADCC,39,1,15,,,TRUE,TRUE,,1,,,2/1/2025,,,"70,000.00",,,HKD,,,CHAN TAI MAN,,,333-333333-101,,,SCB,,,CHAN,,,111-111111-101,,,HASE,,,null,,,39,15,TRUE,2025-01-02,70000,HKD,CHAN TAI MAN,333-333333-101,STANDARD CHARTERED BANK (HONG KONG) LIMITED,CHAN TAI MAN,111-111111-101,Hang Seng Bank Ltd.,CWTF,Default transaction,
UAR,39,2,16,,,TRUE,TRUE,,1,,,4/1/2025,,,"40,012.00",,,HKD,,,CHAN TAI MAN,,,555-555555-101,,,HSBC,,,CHAN,,,111-111111-101,,,HASE,,,null,,,39,16,TRUE,2025-01-04,40012,HKD,CHAN TAI MAN,555-555555-101,The Hongkong and Shanghai Banking Corporation Limited,CHAN TAI MAN,111-111111-101,Hang Seng Bank Ltd.,CWTF,Default transaction,
HSBC Referral,39,3,16,,,TRUE,TRUE,,1,,,4/1/2025,,,"40,012.00",,,HKD,,,CHAN TAI MAN,,,555-555555-101,,,HSBC,,,CHAN,,,111-111111-101,,,HASE,,,null,,,39,16,TRUE,2025-01-04,40012,HKD,CHAN TAI MAN,555-555555-101,The Hongkong and Shanghai Banking Corporation Limited,CHAN TAI MAN,111-111111-101,Hang Seng Bank Ltd.,CWTF,Default transaction,
UAR,40,1,1,,,TRUE,TRUE,,1,,,3/1/2025,,,"3,000.00",,,HKD,,,CHEUNG TAK SHING,,,444-4444444-101,,,ZA Bank Limited,,,CHAN,,,111-111111-101,,,HASE,,,null,,,40,1,TRUE,2025-01-03,3000,HKD,CHEUNG TAK SHING,444-4444444-101,ZA Bank Limited,CHAN TAI MAN,111-111111-101,Hang Seng Bank Ltd.,CWTF,Default transaction,
Police Letter,40,2,1,,,TRUE,TRUE,,1,,,3/1/2025,,,"3,000.00",,,HKD,,,CHEUNG TAK SHING,,,444-4444444-101,,,ZA Bank Limited,,,CHAN,,,111-111111-101,,,HASE,,,null,,,40,1,TRUE,2025-01-03,3000,HKD,CHEUNG TAK SHING,444-4444444-101,ZA Bank Limited,CHAN TAI MAN,111-111111-101,Hang Seng Bank Ltd.,CWTF,Default transaction,
ADCC,41,1,1,,,TRUE,TRUE,,1,,,30/12/2024,,,"100,000.00",,,HKD,,,null,,,null,,,null,,,CHAN,,,111-111111-101,,,HASE,,,cash,,,41,1,TRUE,2024-12-30,100000,CASH TXN CREDIT,null,null,null,CHAN TAI MAN,111-111111-101,null,CCCS,CASH DEP VIA CDM/BCDM -  AC INPUT (TOUCH SCREEN),
ODFT,42,1,1,,,TRUE,TRUE,,1,,,2/1/2025,,,"10,000.00",,,HKD,,,CHEUNG,,,222-222222-101,,,HASE,,,CHAN,,,111-111111-101,,,HASE,,,null,,,42,1,TRUE,2025-01-02,10000,HKD,CHEUNG TAK SHING,222-222222-101,null,CHAN TAI MAN,111-111111-101,null,CUTF,Default transaction,
Police Letter,42,2,2,,,TRUE,TRUE,,1,,,3/1/2025,,,"2,200.00",,,HKD,,,null,,,null,,,null,,,CHAN,,,111-111111-101,,,HASE,,,cash,,,42,2,TRUE,2025-01-03,2200,HKD,null,null,null,CHAN TAI MAN,111-111111-101,null,CCCS,CASH DEP VIA CDM/BCDM -  AC INPUT (TOUCH SCREEN),
Police Letter,42,2,3,,,TRUE,TRUE,,1,,,3/1/2025,,,"10,000.00",,,HKD,,,null,,,null,,,null,,,CHAN,,,111-111111-101,,,HASE,,,cash,,,42,3,TRUE,2025-01-03,10000,HKD,null,null,null,CHAN TAI MAN,111-111111-101,null,CCCS,CASH DEP VIA CDM/BCDM -  AC INPUT (TOUCH SCREEN),
Police Letter,42,3,4,,,TRUE,TRUE,,1,,,3/1/2025,,,"30,000.00",,,HKD,,,YAN,,,222-222222-102,,,HASE,,,CHAN,,,111-111111-101,,,HASE,,,null,,,42,4,TRUE,2025-01-03,30000,HKD,YAN MEI MEI,222-222222-102,null,CHAN TAI MAN,111-111111-101,null,CUTF,ATM TRANSFER UNRELATED   DEPOSIT,
Police Letter,42,3,5,,,TRUE,TRUE,,1,,,3/1/2025,,,"42,000.00",,,HKD,,,YAN,,,222-222222-102,,,HASE,,,CHAN,,,111-111111-101,,,HASE,,,null,,,42,5,TRUE,2025-01-03,42000,HKD,YAN MEI MEI,222-222222-102,null,CHAN TAI MAN,111-111111-101,null,CUTF,DCP UNRELATED ELECTRONIC TRANSFER CREDIT FROM PIB,
Search Warrant,43,1,null,,,,,,,,,,,,,,,,,,,,,,,,,,,,,,,,,,,,,,,,,,,,,,,,,,,,,
Police Letter,43,2,1,,,TRUE,FALSE,,1,,,9/12/2024,,,"89,967.00",,,HKD,,,CHEUNG,,,222-222222-101,,,HASE,,,CHAN,,,111-111111-101,,,HASE,,,null,,,43,1,TRUE,2024-12-09,49967,HKD,CHEUNG TAK SHING,222-222222-101,null,CHAN TAI MAN,111-111111-101,null,CUTF,ATM TRANSFER UNRELATED   DEPOSIT,
HSBC Referral,43,3,2,,,TRUE,TRUE,,1,,,8/12/2024,,,200,,,HKD,,,YEUNG KAI,,,66666666601,,,HSBC,,,CHAN,,,111-111111-101,,,HASE,,,null,,from 1st layer YEUNG KAI,43,2,TRUE,2024-12-08,200,HKD,YEUNG KAI,66666666601,null,CHAN TAI MAN,111-111111-101,null,CUTF,ATM TRANSFER UNRELATED   DEPOSIT,
HSBC Referral,43,3,3,,,TRUE,TRUE,,1,,,8/12/2024,,,"12,200.00",,,HKD,,,YEUNG KAI,,,66666666601,,,HSBC,,,CHAN,,,111-111111-101,,,HASE,,,null,,from 1st layer YEUNG KAI,43,3,TRUE,2024-12-08,12200,HKD,YEUNG KAI,66666666601,null,CHAN TAI MAN,111-111111-101,null,CUTF,ATM TRANSFER UNRELATED   DEPOSIT,
HSBC Referral,43,3,4,,,TRUE,TRUE,,1,,,10/12/2024,,,"10,000.00",,,HKD,,,YEUNG KAI,,,66666666601,,,HSBC,,,CHAN,,,111-111111-101,,,HASE,,,null,,from 1st layer YEUNG KAI,43,4,TRUE,2024-12-10,10000,HKD,YEUNG KAI,66666666601,null,CHAN TAI MAN,111-111111-101,null,CUTF,ATM TRANSFER UNRELATED   DEPOSIT,
Search Warrant,43,4,null,,,,,,,,,,,,,,,,,,,,,,,,,,,,,,,,,,,,,,,,,,,,,,,,,,,,,
UAR,44,1,1,,,TRUE,TRUE,,1,,,23/12/2024,,,"24,150.00",,,HKD,,,YAN MEI MEI,,,444-4444444-102,,,STANDARD CHARTERED BANK HK LTD,,,CHAN,,,111-111111-101,,,HASE,,,null,,,44,1,TRUE,2024-12-23,24150,HKD,YAN MEI MEI,444-4444444-102,STANDARD CHARTERED BANK (HONG KONG) LIMITED,MR CHAN TAI MAN,111-111111-101,Hang Seng Bank Ltd.,CWTF,Default transaction,
Police Letter,44,2,2,,,TRUE,TRUE,,1,,,25/12/2024,,,"10,000.00",,,HKD,,,null,,,null,,,null,,,CHAN,,,111-111111-101,,,HASE,,,cash,,,44,2,TRUE,2024-12-25,10000,HKD,null,null,null,MR CHAN TAI MAN,111-111111-101,null,CCCS,CASH DEP VIA CDM/BCDM -  AC INPUT (TOUCH SCREEN),
Police Letter,44,2,3,,,TRUE,TRUE,,1,,,25/12/2024,,,"6,100.00",,,HKD,,,null,,,null,,,null,,,CHAN,,,111-111111-101,,,HASE,,,cash,,,44,3,TRUE,2024-12-25,6100,HKD,null,null,null,MR CHAN TAI MAN,111-111111-101,null,CCCS,CASH DEP VIA CDM/BCDM -  AC INPUT (TOUCH SCREEN),
Police Letter,44,2,4,,,TRUE,TRUE,,1,,,25/12/2024,,,500,,,HKD,,,null,,,null,,,null,,,CHAN,,,111-111111-101,,,HASE,,,cash,,,44,4,TRUE,2024-12-25,500,HKD,null,null,null,MR CHAN TAI MAN,111-111111-101,null,CCCS,CASH DEP VIA CDM/BCDM -  AC INPUT (TOUCH SCREEN),
Police Letter,44,3,5,,,TRUE,TRUE,,1,,,23/12/2024,,,"5,000.00",,,HKD,,,CHEUNG,,,222-222222-101,,,HASE,,,CHAN,,,111-111111-101,,,HASE,,,null,,,44,5,TRUE,2024-12-23,5000,HKD,CHEUNG TAK SHING,222-222222-101,null,MR CHAN TAI MAN,111-111111-101,null,CUTF,ATM TRANSFER UNRELATED   DEPOSIT,
ADCC,45,1,1,,,TRUE,TRUE,,1,,,6/1/2025,,,"147,585.59",,,HKD,,,MR CHEUNG TAK SHING,,,222-222222-101,,,HASE,,,CHAN,,,111-111111-101,,,HASE,,,null,,,45,1,TRUE,2025-01-06,147585.59,HKD,CHEUNG TAK SHING,222-222222-101,null,CHAN TAI MAN,111-111111-101,null,CUTF,Default transaction,
ADCC,46,1,1,,,TRUE,TRUE,,1,,,17/1/2025,,,"200,000.00",,,HKD,,,CHAN,,,333-333333-101,,,HSBC,,,CHAN,,,111-111111-101,,,HASE,,,null,,same name HSBC account,,,,,,,,,,,,,,,
ADCC,46,1,2,,,TRUE,TRUE,,1,,,17/1/2025,,,"4,000.00",,,HKD,,,CHAN,,,333-333333-101,,,HSBC,,,CHAN,,,111-111111-101,,,HASE,,,null,,same name HSBC account,,,,,,,,,,,,,,,
HSBC Referral,46,2,1,,,TRUE,TRUE,,1,,,17/1/2025,,,"200,000.00",,,HKD,,,CHAN,,,333-333333-101,,,HSBC,,,CHAN,,,111-111111-101,,,HASE,,,null,,same name HSBC account,,,,,,,,,,,,,,,
HSBC Referral,46,2,2,,,TRUE,TRUE,,1,,,17/1/2025,,,"4,000.00",,,HKD,,,CHAN,,,333-333333-101,,,HSBC,,,CHAN,,,111-111111-101,,,HASE,,,null,,same name HSBC account,,,,,,,,,,,,,,,
Police Letter,46,3,5,,,TRUE,TRUE,,1,,,19/1/2025,,,"22,000.00",,,HKD,,,null,,,null,,,null,,,CHAN,,,111-111111-101,,,HASE,,,cash deposit,,,46,5,TRUE,2025-01-19,22000,HKD,null,null,null,MR        CHAN TAI MAN,111-111111-101,null,CCCS,ATM/CDM CASH CREDIT USINGACCOUNT INPUT,
Search Warrant,46,4,null,,,TRUE,TRUE,,,,,,,,,,,,,,,,,,,,,,,,,,,,,,,,,,,,,,,,,,,,,,,,,
HSBC Referral,46,5&6,6,,,TRUE,TRUE,,1,,,18/1/2025,,,"100,000.00",,,HKD,,,CHAN,,,333-333333-101,,,HSBC,,,CHAN,,,111-111111-101,,,HASE,,,null,,same name HSBC account,46,6,TRUE,2025-01-18,100000,HKD,CHAN TAI MAN,333-333333-101,The Hongkong and Shanghai Banking Corporation Limited,MR        CHAN TAI MAN,111-111111-101,Hang Seng Bank Ltd.,CWTF,WIRE-TRANSFER CREDIT,
UAR,46,7,6,,,TRUE,TRUE,,1,,,18/1/2025,,,"100,000.00",,,HKD,,,CHAN,,,333-333333-101,,,HSBC,,,CHAN,,,111-111111-101,,,HASE,,,null,,same name HSBC account,46,6,TRUE,2025-01-18,100000,HKD,CHAN TAI MAN,333-333333-101,The Hongkong and Shanghai Banking Corporation Limited,MR        CHAN TAI MAN,111-111111-101,Hang Seng Bank Ltd.,CWTF,WIRE-TRANSFER CREDIT,
HSBC Referral,47,1,1,,,TRUE,TRUE,,1,,,24/1/2025,,,"10,900.00",,,HKD,,,YEUNG KAI,,,666-66666-601,,,HSBC,,,CHAN,,,111-111111-101,,,HASE,,,FPS,,,47,1,TRUE,2025-01-24,10900,HKD,YEUNG KAI,666-66666-601,null,MR CHAN TAI MAN,111-111111-101,null,CUTF,UNKNOWN OR INVALID TERRITORY,
Police Letter,47,2,2,,,TRUE,TRUE,,1,,,24/1/2025,,,"20,000.00",,,HKD,,,null,,,null,,,null,,,CHAN,,,111-111111-101,,,HASE,,,deposited by cash via ATM,,,47,2,TRUE,2025-01-24,20000,HKD,null,null,null,MR CHAN TAI MAN,111-111111-101,null,CCCS,UNKNOWN OR INVALID TERRITORY,
Police Letter,47,3,1,,,TRUE,TRUE,,1,,,24/1/2025,,,"10,900.00",,,HKD,,,YEUNG KAI,,,666-66666-601,,,HSBC,,,CHAN,,,111-111111-101,,,HASE,,,FPS,,,47,1,TRUE,2025-01-24,10900,HKD,YEUNG KAI,666-66666-601,null,MR CHAN TAI MAN,111-111111-101,null,CUTF,UNKNOWN OR INVALID TERRITORY,
Search Warrant,47,4,null,,,,,,,,,,,,,,,,,,,,,,,,,,,,,,,,,,,,,,,,,,,,,,,,,,,,,
UAR,48,1,1,,,TRUE,TRUE,,1,,,16/1/2025,,,"6,225.00",,,HKD,,,CHEUNG TAK SHING,,,444-4444444-101,,,ICBC,,,CHAN,,,111-111111-101,,,HASE,,,null,,,48,1,TRUE,2025-01-16,6225,HKD,CHEUNG TAK SHING,444-4444444-101,ICBKCNB■■■■,CHAN TAI MAN,111-111111-101,null,CWTF,INWARD TELEGRAPHIC       TRANSFER (R22),
UAR,48,2,2,,,TRUE,TRUE,,1,,,16/1/2025,,,"44,855.00",,,HKD,,,YAN MEI MEI,,,444-4444444-102,,,INDUSTRIAL AND COMMERCIAL BANK OF CHINA,,,CHAN,,,111-111111-101,,,HASE,,,null,,,48,2,TRUE,2025-01-16,44855,HKD,YAN MEI MEI,444-4444444-102,ICBKC■■■■■,CHAN TAI MAN,111-111111-101,null,CWTF,INWARD TELEGRAPHIC       TRANSFER (R22),
ODFT,48,3,2,,,TRUE,TRUE,,1,,,16/1/2025,,,"44,855.00",,,HKD,,,YAN MEI MEI,,,444-4444444-102,,,INDUSTRIAL AND COMMERCIAL BANK OF CHINA,,,CHAN,,,111-111111-101,,,HASE,,,null,,,48,2,TRUE,2025-01-16,44855,HKD,YAN MEI MEI,444-4444444-102,ICBKC■■■■■,CHAN TAI MAN,111-111111-101,null,CWTF,INWARD TELEGRAPHIC       TRANSFER (R22),
ADCC,49,1,1,,,TRUE,TRUE,,1,,,16/1/2025,,,"100,000.00",,,HKD,,,CHEUNG TAK SHING,,,444-4444444-101,,,HSBC,,,CHAN,,,111-111111-101,,,HASE,,,null,,,49,1,TRUE,2025-01-16,100000,HKD,CHEUNG TAK SHING,444-4444444-101,The Hongkong and Shanghai Banking Corporation Limited,CHAN TAI MAN,111-111111-101,Hang Seng Bank Ltd.,CWTF,Default transaction,
HSBC Referral,49,2,2,,,TRUE,TRUE,,1,,,16/1/2025,,,"100,000.00",,,HKD,,,YAN MEI MEI,,,444-4444444-102,,,HSBC,,,CHAN,,,111-111111-101,,,HASE,,,null,,,49,2,TRUE,2025-01-16,100000,HKD,YAN MEI MEI,444-4444444-102,The Hongkong and Shanghai Banking Corporation Limited,CHAN TAI MAN,111-111111-101,Hang Seng Bank Ltd.,CWTF,Default transaction,
HSBC Referral,49,3,2,,,TRUE,TRUE,,1,,,16/1/2025,,,"100,000.00",,,HKD,,,YAN MEI MEI,,,444-4444444-102,,,HSBC,,,CHAN,,,111-111111-101,,,HASE,,,null,,,49,2,TRUE,2025-01-16,100000,HKD,YAN MEI MEI,444-4444444-102,The Hongkong and Shanghai Banking Corporation Limited,CHAN TAI MAN,111-111111-101,Hang Seng Bank Ltd.,CWTF,Default transaction,
Search Warrant,50,1,null,null,,,,,,,,,,,,,,,,,,,,,,,,,,,,,,,,,,,,,Source: Search Warrant and Internal Referral,,,,,,,,,,,,,,,
UAR,50,1,1,null,,TRUE,TRUE,,1,,,2/1/2024,,,"50,627.00",,,HKD,,,CHEUNG TAK SHING,,,null,,,null,,,CHAN,,,111-111111-101,,,HASE,,,branch,,Source: Search Warrant and Internal Referral,50,1,TRUE,2024-01-02,50627,HKD,null,null,null,CHAN TAI MAN,111-111111-101,null,CMTF,TRANSFER DEPOSIT,
UAR,50,1,2,null,,TRUE,TRUE,,1,,,16/2/2024,,,"16,273.00",,,HKD,,,CHEUNG TAK SHING,,,444-4444444-101,,,HSBC,,,CHAN,,,111-111111-101,,,HASE,,,FPS,,Source: Search Warrant and Internal Referral,50,2,TRUE,2024-02-16,16273,HKD,CHEUNG TAK SHING,444-4444444-101,The Hongkong and Shanghai Banking Corporation Limited,CHAN TAI MAN,111-111111-101,Hang Seng Bank Ltd.,CWTF,Default transaction,
UAR,50,1,3,null,,TRUE,TRUE,,1,,,9/4/2024,,,"87,540.00",,,HKD,,,CHEUNG TAK SHING,,,444-4444444-101,,,HSBC,,,CHAN,,,111-111111-101,,,HASE,,,FPS,,Source: Search Warrant and Internal Referral,50,3,TRUE,2024-04-09,87540,HKD,CHEUNG TAK SHING,444-4444444-101,The Hongkong and Shanghai Banking Corporation Limited,CHAN TAI MAN,111-111111-101,Hang Seng Bank Ltd.,CWTF,Default transaction,